"","Dates","X","region","CumTotal","NewCases","NewPerPop","CumPerPop","New_Tests","Cases","Negative","Hospitalized","Deaths","Total_Tests","X","region","CumTotal","NewCases","NewPerPop","CumPerPop","New_Tests","Cases","Negative","Hospitalized","Deaths","Total_Tests","X","region","CumTotal","NewCases","NewPerPop","CumPerPop","New_Tests","Cases","Negative","Hospitalized","Deaths","Total_Tests","X","region","CumTotal","NewCases","NewPerPop","CumPerPop","New_Tests","Cases","Negative","Hospitalized","Deaths","Total_Tests","X","region","CumTotal","NewCases","NewPerPop","CumPerPop","New_Tests","Cases","Negative","Hospitalized","Deaths","Total_Tests","region","CumTotal","NewCases","NewPerPop","CumPerPop","X","region","CumTotal","NewCases","NewPerPop","CumPerPop","New_Tests","Cases","Negative","Hospitalized","Deaths","Total_Tests","X","region","CumTotal","NewCases","NewPerPop","CumPerPop","New_Tests","Cases","Negative","Hospitalized","Deaths","Total_Tests","X","region","CumTotal","NewCases","NewPerPop","CumPerPop","New_Tests","Cases","Negative","Hospitalized","Deaths","Total_Tests"
"1","X1.25.20",1,"Texas",0,0,0,0,0,0,0,NA,0,0,1,"Arizona",0,0,0,0,0,0,0,0,0,0,1,"Florida",0,0,0,0,0,0,0,0,0,0,1,"California",0,0,0,0,0,0,0,0,0,0,1,"Nevada",0,0,0,0,0,0,0,"0",0,0,"Hawaii",0,0,0,0,1,"Virgina",0,0,0,0,0,0,0,0,0,0,1,"North Carolina",0,0,0,0,0,0,0,NA,0,0,1,"New York",0,0,0,0,0,0,0,0,0,0
"2","X1.26.20",2,"Texas",0,0,0,0,0,0,0,NA,0,0,2,"Arizona",1,1,0.0137,0.0137,0,0,0,0,0,0,2,"Florida",0,0,0,0,0,0,0,0,0,0,2,"California",2,2,0.0051,0.0051,0,0,0,0,0,0,2,"Nevada",0,0,0,0,0,0,0,"0",0,0,"Hawaii",0,0,0,0,2,"Virgina",0,0,0,0,0,0,0,0,0,0,2,"North Carolina",0,0,0,0,0,0,0,NA,0,0,2,"New York",0,0,0,0,0,0,0,0,0,0
"3","X1.27.20",3,"Texas",0,0,0,0,0,0,0,NA,0,0,3,"Arizona",1,0,0,0.0137,0,0,0,0,0,0,3,"Florida",0,0,0,0,0,0,0,0,0,0,3,"California",2,0,0,0.0051,0,0,0,0,0,0,3,"Nevada",0,0,0,0,0,0,0,"0",0,0,"Hawaii",0,0,0,0,3,"Virgina",0,0,0,0,0,0,0,0,0,0,3,"North Carolina",0,0,0,0,0,0,0,NA,0,0,3,"New York",0,0,0,0,0,0,0,0,0,0
"4","X1.28.20",4,"Texas",0,0,0,0,0,0,0,NA,0,0,4,"Arizona",1,0,0,0.0137,0,0,0,0,0,0,4,"Florida",0,0,0,0,0,0,0,0,0,0,4,"California",2,0,0,0.0051,0,0,0,0,0,0,4,"Nevada",0,0,0,0,0,0,0,"0",0,0,"Hawaii",0,0,0,0,4,"Virgina",0,0,0,0,0,0,0,0,0,0,4,"North Carolina",0,0,0,0,0,0,0,NA,0,0,4,"New York",0,0,0,0,0,0,0,0,0,0
"5","X1.29.20",5,"Texas",0,0,0,0,0,0,0,NA,0,0,5,"Arizona",1,0,0,0.0137,0,0,0,0,0,0,5,"Florida",0,0,0,0,0,0,0,0,0,0,5,"California",2,0,0,0.0051,0,0,0,0,0,0,5,"Nevada",0,0,0,0,0,0,0,"0",0,0,"Hawaii",0,0,0,0,5,"Virgina",0,0,0,0,0,0,0,0,0,0,5,"North Carolina",0,0,0,0,0,0,0,NA,0,0,5,"New York",0,0,0,0,0,0,0,0,0,0
"6","X1.30.20",6,"Texas",0,0,0,0,0,0,0,NA,0,0,6,"Arizona",1,0,0,0.0137,0,0,0,0,0,0,6,"Florida",0,0,0,0,0,0,0,0,0,0,6,"California",2,0,0,0.0051,0,0,0,0,0,0,6,"Nevada",0,0,0,0,0,0,0,"0",0,0,"Hawaii",0,0,0,0,6,"Virgina",0,0,0,0,0,0,0,0,0,0,6,"North Carolina",0,0,0,0,0,0,0,NA,0,0,6,"New York",0,0,0,0,0,0,0,0,0,0
"7","X1.31.20",7,"Texas",0,0,0,0,0,0,0,NA,0,0,7,"Arizona",1,0,0,0.0137,0,0,0,0,0,0,7,"Florida",0,0,0,0,0,0,0,0,0,0,7,"California",3,1,0.0025,0.0076,0,0,0,0,0,0,7,"Nevada",0,0,0,0,0,0,0,"0",0,0,"Hawaii",0,0,0,0,7,"Virgina",0,0,0,0,0,0,0,0,0,0,7,"North Carolina",0,0,0,0,0,0,0,NA,0,0,7,"New York",0,0,0,0,0,0,0,0,0,0
"8","X2.1.20",8,"Texas",0,0,0,0,0,0,0,NA,0,0,8,"Arizona",1,0,0,0.0137,0,0,0,0,0,0,8,"Florida",0,0,0,0,0,0,0,0,0,0,8,"California",3,0,0,0.0076,0,0,0,0,0,0,8,"Nevada",0,0,0,0,0,0,0,"0",0,0,"Hawaii",0,0,0,0,8,"Virgina",0,0,0,0,0,0,0,0,0,0,8,"North Carolina",0,0,0,0,0,0,0,NA,0,0,8,"New York",0,0,0,0,0,0,0,0,0,0
"9","X2.10.20",17,"Texas",0,0,0,0,0,0,0,NA,0,0,17,"Arizona",1,0,0,0.0137,0,0,0,0,0,0,17,"Florida",0,0,0,0,0,0,0,0,0,0,17,"California",6,0,0,0.0152,0,0,0,0,0,0,17,"Nevada",0,0,0,0,0,0,0,"0",0,0,"Hawaii",0,0,0,0,17,"Virgina",0,0,0,0,0,0,0,0,0,0,17,"North Carolina",0,0,0,0,0,0,0,NA,0,0,17,"New York",0,0,0,0,0,0,0,0,0,0
"10","X2.11.20",18,"Texas",0,0,0,0,0,0,0,NA,0,0,18,"Arizona",1,0,0,0.0137,0,0,0,0,0,0,18,"Florida",0,0,0,0,0,0,0,0,0,0,18,"California",7,1,0.0025,0.0177,0,0,0,0,0,0,18,"Nevada",0,0,0,0,0,0,0,"0",0,0,"Hawaii",0,0,0,0,18,"Virgina",0,0,0,0,0,0,0,0,0,0,18,"North Carolina",0,0,0,0,0,0,0,NA,0,0,18,"New York",0,0,0,0,0,0,0,0,0,0
"11","X2.12.20",19,"Texas",0,0,0,0,0,0,0,NA,0,0,19,"Arizona",1,0,0,0.0137,0,0,0,0,0,0,19,"Florida",0,0,0,0,0,0,0,0,0,0,19,"California",7,0,0,0.0177,0,0,0,0,0,0,19,"Nevada",0,0,0,0,0,0,0,"0",0,0,"Hawaii",0,0,0,0,19,"Virgina",0,0,0,0,0,0,0,0,0,0,19,"North Carolina",0,0,0,0,0,0,0,NA,0,0,19,"New York",0,0,0,0,0,0,0,0,0,0
"12","X2.13.20",20,"Texas",0,0,0,0,0,0,0,NA,0,0,20,"Arizona",1,0,0,0.0137,0,0,0,0,0,0,20,"Florida",0,0,0,0,0,0,0,0,0,0,20,"California",8,1,0.0025,0.0202,0,0,0,0,0,0,20,"Nevada",0,0,0,0,0,0,0,"0",0,0,"Hawaii",0,0,0,0,20,"Virgina",0,0,0,0,0,0,0,0,0,0,20,"North Carolina",0,0,0,0,0,0,0,NA,0,0,20,"New York",0,0,0,0,0,0,0,0,0,0
"13","X2.14.20",21,"Texas",0,0,0,0,0,0,0,NA,0,0,21,"Arizona",1,0,0,0.0137,0,0,0,0,0,0,21,"Florida",0,0,0,0,0,0,0,0,0,0,21,"California",8,0,0,0.0202,0,0,0,0,0,0,21,"Nevada",0,0,0,0,0,0,0,"0",0,0,"Hawaii",0,0,0,0,21,"Virgina",0,0,0,0,0,0,0,0,0,0,21,"North Carolina",0,0,0,0,0,0,0,NA,0,0,21,"New York",0,0,0,0,0,0,0,0,0,0
"14","X2.15.20",22,"Texas",0,0,0,0,0,0,0,NA,0,0,22,"Arizona",1,0,0,0.0137,0,0,0,0,0,0,22,"Florida",0,0,0,0,0,0,0,0,0,0,22,"California",8,0,0,0.0202,0,0,0,0,0,0,22,"Nevada",0,0,0,0,0,0,0,"0",0,0,"Hawaii",0,0,0,0,22,"Virgina",0,0,0,0,0,0,0,0,0,0,22,"North Carolina",0,0,0,0,0,0,0,NA,0,0,22,"New York",0,0,0,0,0,0,0,0,0,0
"15","X2.16.20",23,"Texas",0,0,0,0,0,0,0,NA,0,0,23,"Arizona",1,0,0,0.0137,0,0,0,0,0,0,23,"Florida",0,0,0,0,0,0,0,0,0,0,23,"California",8,0,0,0.0202,0,0,0,0,0,0,23,"Nevada",0,0,0,0,0,0,0,"0",0,0,"Hawaii",0,0,0,0,23,"Virgina",0,0,0,0,0,0,0,0,0,0,23,"North Carolina",0,0,0,0,0,0,0,NA,0,0,23,"New York",0,0,0,0,0,0,0,0,0,0
"16","X2.17.20",24,"Texas",0,0,0,0,0,0,0,NA,0,0,24,"Arizona",1,0,0,0.0137,0,0,0,0,0,0,24,"Florida",0,0,0,0,0,0,0,0,0,0,24,"California",8,0,0,0.0202,0,0,0,0,0,0,24,"Nevada",0,0,0,0,0,0,0,"0",0,0,"Hawaii",0,0,0,0,24,"Virgina",0,0,0,0,0,0,0,0,0,0,24,"North Carolina",0,0,0,0,0,0,0,NA,0,0,24,"New York",0,0,0,0,0,0,0,0,0,0
"17","X2.18.20",25,"Texas",0,0,0,0,0,0,0,NA,0,0,25,"Arizona",1,0,0,0.0137,0,0,0,0,0,0,25,"Florida",0,0,0,0,0,0,0,0,0,0,25,"California",8,0,0,0.0202,0,0,0,0,0,0,25,"Nevada",0,0,0,0,0,0,0,"0",0,0,"Hawaii",0,0,0,0,25,"Virgina",0,0,0,0,0,0,0,0,0,0,25,"North Carolina",0,0,0,0,0,0,0,NA,0,0,25,"New York",0,0,0,0,0,0,0,0,0,0
"18","X2.19.20",26,"Texas",0,0,0,0,0,0,0,NA,0,0,26,"Arizona",1,0,0,0.0137,0,0,0,0,0,0,26,"Florida",0,0,0,0,0,0,0,0,0,0,26,"California",8,0,0,0.0202,0,0,0,0,0,0,26,"Nevada",0,0,0,0,0,0,0,"0",0,0,"Hawaii",0,0,0,0,26,"Virgina",0,0,0,0,0,0,0,0,0,0,26,"North Carolina",0,0,0,0,0,0,0,NA,0,0,26,"New York",0,0,0,0,0,0,0,0,0,0
"19","X2.2.20",9,"Texas",0,0,0,0,0,0,0,NA,0,0,9,"Arizona",1,0,0,0.0137,0,0,0,0,0,0,9,"Florida",0,0,0,0,0,0,0,0,0,0,9,"California",3,0,0,0.0076,0,0,0,0,0,0,9,"Nevada",0,0,0,0,0,0,0,"0",0,0,"Hawaii",0,0,0,0,9,"Virgina",0,0,0,0,0,0,0,0,0,0,9,"North Carolina",0,0,0,0,0,0,0,NA,0,0,9,"New York",0,0,0,0,0,0,0,0,0,0
"20","X2.20.20",27,"Texas",0,0,0,0,0,0,0,NA,0,0,27,"Arizona",1,0,0,0.0137,0,0,0,0,0,0,27,"Florida",0,0,0,0,0,0,0,0,0,0,27,"California",8,0,0,0.0202,0,0,0,0,0,0,27,"Nevada",0,0,0,0,0,0,0,"0",0,0,"Hawaii",0,0,0,0,27,"Virgina",0,0,0,0,0,0,0,0,0,0,27,"North Carolina",0,0,0,0,0,0,0,NA,0,0,27,"New York",0,0,0,0,0,0,0,0,0,0
"21","X2.21.20",28,"Texas",0,0,0,0,0,0,0,NA,0,0,28,"Arizona",1,0,0,0.0137,0,0,0,0,0,0,28,"Florida",0,0,0,0,0,0,0,0,0,0,28,"California",10,2,0.0051,0.0253,0,0,0,0,0,0,28,"Nevada",0,0,0,0,0,0,0,"0",0,0,"Hawaii",0,0,0,0,28,"Virgina",0,0,0,0,0,0,0,0,0,0,28,"North Carolina",0,0,0,0,0,0,0,NA,0,0,28,"New York",0,0,0,0,0,0,0,0,0,0
"22","X2.22.20",29,"Texas",0,0,0,0,0,0,0,NA,0,0,29,"Arizona",1,0,0,0.0137,0,0,0,0,0,0,29,"Florida",0,0,0,0,0,0,0,0,0,0,29,"California",10,0,0,0.0253,0,0,0,0,0,0,29,"Nevada",0,0,0,0,0,0,0,"0",0,0,"Hawaii",0,0,0,0,29,"Virgina",0,0,0,0,0,0,0,0,0,0,29,"North Carolina",0,0,0,0,0,0,0,NA,0,0,29,"New York",0,0,0,0,0,0,0,0,0,0
"23","X2.23.20",30,"Texas",0,0,0,0,0,0,0,NA,0,0,30,"Arizona",1,0,0,0.0137,0,0,0,0,0,0,30,"Florida",0,0,0,0,0,0,0,0,0,0,30,"California",10,0,0,0.0253,0,0,0,0,0,0,30,"Nevada",0,0,0,0,0,0,0,"0",0,0,"Hawaii",0,0,0,0,30,"Virgina",0,0,0,0,0,0,0,0,0,0,30,"North Carolina",0,0,0,0,0,0,0,NA,0,0,30,"New York",0,0,0,0,0,0,0,0,0,0
"24","X2.24.20",31,"Texas",0,0,0,0,0,0,0,NA,0,0,31,"Arizona",1,0,0,0.0137,0,0,0,0,0,0,31,"Florida",0,0,0,0,0,0,0,0,0,0,31,"California",10,0,0,0.0253,0,0,0,0,0,0,31,"Nevada",0,0,0,0,0,0,0,"0",0,0,"Hawaii",0,0,0,0,31,"Virgina",0,0,0,0,0,0,0,0,0,0,31,"North Carolina",0,0,0,0,0,0,0,NA,0,0,31,"New York",0,0,0,0,0,0,0,0,0,0
"25","X2.25.20",32,"Texas",0,0,0,0,0,0,0,NA,0,0,32,"Arizona",1,0,0,0.0137,0,0,0,0,0,0,32,"Florida",0,0,0,0,0,0,0,0,0,0,32,"California",10,0,0,0.0253,0,0,0,0,0,0,32,"Nevada",0,0,0,0,0,0,0,"0",0,0,"Hawaii",0,0,0,0,32,"Virgina",0,0,0,0,0,0,0,0,0,0,32,"North Carolina",0,0,0,0,0,0,0,NA,0,0,32,"New York",0,0,0,0,0,0,0,0,0,0
"26","X2.26.20",33,"Texas",0,0,0,0,0,0,0,NA,0,0,33,"Arizona",1,0,0,0.0137,0,0,0,0,0,0,33,"Florida",0,0,0,0,0,0,0,0,0,0,33,"California",10,0,0,0.0253,0,0,0,0,0,0,33,"Nevada",0,0,0,0,0,0,0,"0",0,0,"Hawaii",0,0,0,0,33,"Virgina",0,0,0,0,0,0,0,0,0,0,33,"North Carolina",0,0,0,0,0,0,0,NA,0,0,33,"New York",0,0,0,0,0,0,0,0,0,0
"27","X2.27.20",34,"Texas",0,0,0,0,0,0,0,NA,0,0,34,"Arizona",1,0,0,0.0137,0,0,0,0,0,0,34,"Florida",0,0,0,0,0,0,0,0,0,0,34,"California",11,1,0.0025,0.0278,0,0,0,0,0,0,34,"Nevada",0,0,0,0,0,0,0,"0",0,0,"Hawaii",0,0,0,0,34,"Virgina",0,0,0,0,0,0,0,0,0,0,34,"North Carolina",0,0,0,0,0,0,0,NA,0,0,34,"New York",0,0,0,0,0,0,0,0,0,0
"28","X2.28.20",35,"Texas",0,0,0,0,0,0,0,NA,0,0,35,"Arizona",1,0,0,0.0137,0,0,0,0,0,0,35,"Florida",0,0,0,0,0,0,0,0,0,0,35,"California",11,0,0,0.0278,0,0,0,0,0,0,35,"Nevada",0,0,0,0,0,0,0,"0",0,0,"Hawaii",0,0,0,0,35,"Virgina",0,0,0,0,0,0,0,0,0,0,35,"North Carolina",0,0,0,0,0,0,0,NA,0,0,35,"New York",0,0,0,0,0,0,0,0,0,0
"29","X2.29.20",36,"Texas",0,0,0,0,0,0,0,NA,0,0,36,"Arizona",1,0,0,0.0137,0,0,0,0,0,0,36,"Florida",0,0,0,0,0,0,0,0,0,0,36,"California",12,1,0.0025,0.0304,0,0,0,0,0,0,36,"Nevada",0,0,0,0,0,0,0,"0",0,0,"Hawaii",0,0,0,0,36,"Virgina",0,0,0,0,0,0,0,0,0,0,36,"North Carolina",0,0,0,0,0,0,0,NA,0,0,36,"New York",0,0,0,0,0,0,0,0,0,0
"30","X2.3.20",10,"Texas",0,0,0,0,0,0,0,NA,0,0,10,"Arizona",1,0,0,0.0137,0,0,0,0,0,0,10,"Florida",0,0,0,0,0,0,0,0,0,0,10,"California",6,3,0.0076,0.0152,0,0,0,0,0,0,10,"Nevada",0,0,0,0,0,0,0,"0",0,0,"Hawaii",0,0,0,0,10,"Virgina",0,0,0,0,0,0,0,0,0,0,10,"North Carolina",0,0,0,0,0,0,0,NA,0,0,10,"New York",0,0,0,0,0,0,0,0,0,0
"31","X2.4.20",11,"Texas",0,0,0,0,0,0,0,NA,0,0,11,"Arizona",1,0,0,0.0137,0,0,0,0,0,0,11,"Florida",0,0,0,0,0,0,0,0,0,0,11,"California",6,0,0,0.0152,0,0,0,0,0,0,11,"Nevada",0,0,0,0,0,0,0,"0",0,0,"Hawaii",0,0,0,0,11,"Virgina",0,0,0,0,0,0,0,0,0,0,11,"North Carolina",0,0,0,0,0,0,0,NA,0,0,11,"New York",0,0,0,0,0,0,0,0,0,0
"32","X2.5.20",12,"Texas",0,0,0,0,0,0,0,NA,0,0,12,"Arizona",1,0,0,0.0137,0,0,0,0,0,0,12,"Florida",0,0,0,0,0,0,0,0,0,0,12,"California",6,0,0,0.0152,0,0,0,0,0,0,12,"Nevada",0,0,0,0,0,0,0,"0",0,0,"Hawaii",0,0,0,0,12,"Virgina",0,0,0,0,0,0,0,0,0,0,12,"North Carolina",0,0,0,0,0,0,0,NA,0,0,12,"New York",0,0,0,0,0,0,0,0,0,0
"33","X2.6.20",13,"Texas",0,0,0,0,0,0,0,NA,0,0,13,"Arizona",1,0,0,0.0137,0,0,0,0,0,0,13,"Florida",0,0,0,0,0,0,0,0,0,0,13,"California",6,0,0,0.0152,0,0,0,0,0,0,13,"Nevada",0,0,0,0,0,0,0,"0",0,0,"Hawaii",0,0,0,0,13,"Virgina",0,0,0,0,0,0,0,0,0,0,13,"North Carolina",0,0,0,0,0,0,0,NA,0,0,13,"New York",0,0,0,0,0,0,0,0,0,0
"34","X2.7.20",14,"Texas",0,0,0,0,0,0,0,NA,0,0,14,"Arizona",1,0,0,0.0137,0,0,0,0,0,0,14,"Florida",0,0,0,0,0,0,0,0,0,0,14,"California",6,0,0,0.0152,0,0,0,0,0,0,14,"Nevada",0,0,0,0,0,0,0,"0",0,0,"Hawaii",0,0,0,0,14,"Virgina",0,0,0,0,0,0,0,0,0,0,14,"North Carolina",0,0,0,0,0,0,0,NA,0,0,14,"New York",0,0,0,0,0,0,0,0,0,0
"35","X2.8.20",15,"Texas",0,0,0,0,0,0,0,NA,0,0,15,"Arizona",1,0,0,0.0137,0,0,0,0,0,0,15,"Florida",0,0,0,0,0,0,0,0,0,0,15,"California",6,0,0,0.0152,0,0,0,0,0,0,15,"Nevada",0,0,0,0,0,0,0,"0",0,0,"Hawaii",0,0,0,0,15,"Virgina",0,0,0,0,0,0,0,0,0,0,15,"North Carolina",0,0,0,0,0,0,0,NA,0,0,15,"New York",0,0,0,0,0,0,0,0,0,0
"36","X2.9.20",16,"Texas",0,0,0,0,0,0,0,NA,0,0,16,"Arizona",1,0,0,0.0137,0,0,0,0,0,0,16,"Florida",0,0,0,0,0,0,0,0,0,0,16,"California",6,0,0,0.0152,0,0,0,0,0,0,16,"Nevada",0,0,0,0,0,0,0,"0",0,0,"Hawaii",0,0,0,0,16,"Virgina",0,0,0,0,0,0,0,0,0,0,16,"North Carolina",0,0,0,0,0,0,0,NA,0,0,16,"New York",0,0,0,0,0,0,0,0,0,0
"37","X3.1.20",37,"Texas",0,0,0,0,0,0,0,NA,0,0,37,"Arizona",1,0,0,0.0137,0,0,0,0,0,0,37,"Florida",0,0,0,0,0,0,0,0,0,0,37,"California",12,0,0,0.0304,0,0,0,0,0,0,37,"Nevada",0,0,0,0,0,0,0,"0",0,0,"Hawaii",0,0,0,0,37,"Virgina",0,0,0,0,0,0,0,0,0,0,37,"North Carolina",0,0,0,0,0,0,0,NA,0,0,37,"New York",0,0,0,0,0,0,0,0,0,0
"38","X3.10.20",46,"Texas",16,3,0.0103,0.0552,1,13,0,NA,0,13,46,"Arizona",6,2,0.0275,0.0824,8,6,51,8,0,57,46,"Florida",15,2,0.0093,0.0698,83,19,222,0,0,241,46,"California",144,43,0.1088,0.3644,254,114,690,NA,0,804,46,"Nevada",4,0,0,0.1299,0,1,14,"N/A",0,15,"Hawaii",3,2,0.141255706730552,0.211883560095828,46,"Virgina",8,6,0.0703,0.0937,20,8,53,0,0,61,46,"North Carolina",7,5,0.0477,0.0667,0,7,0,NA,0,7,46,"New York",150,8,0.0411,0.7711,31,173,92,0,0,265
"39","X3.11.20",47,"Texas",21,5,0.0172,0.0724,8,21,0,NA,0,21,47,"Arizona",9,3,0.0412,0.1236,11,9,59,11,0,68,47,"Florida",24,9,0.0419,0.1117,88,28,301,0,2,329,47,"California",178,34,0.086,0.4505,19,133,690,NA,0,823,47,"Nevada",7,3,0.0974,0.2273,158,5,168,"N/A",0,173,"Hawaii",2,-1,-0.070627853365276,0.141255706730552,47,"Virgina",9,1,0.0117,0.1054,8,9,60,0,0,69,47,"North Carolina",7,0,0,0.0667,5,7,0,NA,0,7,47,"New York",220,70,0.3598,1.1309,0,216,92,0,0,308
"40","X3.12.20",48,"Texas",27,6,0.0207,0.0931,2,23,0,NA,0,23,48,"Arizona",9,0,0,0.1236,23,9,82,16,0,91,48,"Florida",30,6,0.0279,0.1397,4,32,301,0,2,333,48,"California",221,43,0.1088,0.5593,250,157,916,NA,0,1073,48,"Nevada",10,3,0.0974,0.3247,2,7,168,"N/A",0,175,"Hawaii",2,0,0,0.141255706730552,48,"Virgina",12,3,0.0351,0.1406,65,17,117,0,0,134,48,"North Carolina",15,8,0.0763,0.143,65,12,60,NA,0,72,48,"New York",327,107,0.55,1.6809,43,216,92,0,0,308
"41","X3.13.20",49,"Texas",44,17,0.0586,0.1517,16,39,0,NA,0,39,49,"Arizona",9,0,0,0.1236,12,9,94,22,0,103,49,"Florida",50,20,0.0931,0.2328,195,50,478,0,2,528,49,"California",281,60,0.1519,0.7112,0,202,916,NA,4,1118,49,"Nevada",18,8,0.2597,0.5844,4,11,168,"N/A",0,179,"Hawaii",2,0,0,0.141255706730552,49,"Virgina",27,15,0.1757,0.3163,0,30,117,0,0,147,49,"North Carolina",17,2,0.0191,0.1621,29,15,86,NA,0,101,49,"New York",421,94,0.4832,2.1641,2892,421,2779,0,0,3200
"42","X3.14.20",50,"Texas",60,16,0.0552,0.2069,12,51,0,NA,0,51,50,"Arizona",12,3,0.0412,0.1649,0,12,121,36,0,133,50,"Florida",76,26,0.1211,0.3539,27,77,478,0,3,555,50,"California",372,91,0.2303,0.9415,45,202,916,NA,4,1118,50,"Nevada",20,2,0.0649,0.6493,9,20,168,"N/A",0,188,"Hawaii",4,2,0.141255706730552,0.282511413461104,50,"Virgina",37,10,0.1172,0.4335,13,30,117,0,0,147,50,"North Carolina",25,8,0.0763,0.2384,59,23,137,NA,0,160,50,"New York",613,192,0.987,3.1511,103,524,2779,0,0,3303
"43","X3.15.20",51,"Texas",63,3,0.0103,0.2173,5,56,0,NA,0,56,51,"Arizona",12,0,0,0.1649,30,12,121,26,0,133,51,"Florida",100,24,0.1117,0.4656,239,116,678,0,4,794,51,"California",373,1,0.0025,0.944,50,252,916,NA,5,1168,51,"Nevada",20,0,0,0.6493,1,21,168,"N/A",1,189,"Hawaii",6,2,0.141255706730552,0.423767120191656,51,"Virgina",37,0,0,0.4335,261,45,363,0,1,408,51,"North Carolina",32,7,0.0667,0.3051,99,32,227,NA,0,259,51,"New York",615,2,0.0103,3.1614,1969,729,4543,0,3,5272
"44","X3.16.20",52,"Texas",85,22,0.0759,0.2931,1,57,0,NA,0,57,52,"Arizona",18,6,0.0824,0.2473,10,18,125,42,0,143,52,"Florida",101,1,0.0047,0.4703,31,141,684,0,4,825,52,"California",557,184,0.4657,1.4097,41,293,916,NA,5,1209,52,"Nevada",45,25,0.8116,1.461,24,45,168,"N/A",1,213,"Hawaii",8,2,0.141255706730552,0.565022826922208,52,"Virgina",49,12,0.1406,0.5741,81,51,438,0,1,489,52,"North Carolina",39,7,0.0667,0.3719,70,33,296,NA,0,329,52,"New York",967,352,1.8094,4.9708,221,950,4543,0,7,5493
"45","X3.17.20",53,"Texas",110,25,0.0862,0.3794,1211,64,1204,NA,1,1268,53,"Arizona",20,2,0.0275,0.2748,19,20,142,55,0,162,53,"Florida",190,89,0.4144,0.8846,301,186,940,0,6,1126,53,"California",700,143,0.3619,1.7716,7107,335,7981,NA,6,8316,53,"Nevada",55,10,0.3247,1.7856,0,55,168,"N/A",2,223,"Hawaii",10,2,0.141255706730552,0.706278533652759,53,"Virgina",67,18,0.2109,0.785,539,67,961,0,1,1028,53,"North Carolina",64,25,0.2384,0.6102,185,40,474,NA,0,514,53,"New York",1578,611,3.1408,8.1116,1713,1700,5506,0,7,7206
"46","X3.18.20",54,"Texas",196,86,0.2966,0.676,639,83,1824,NA,2,1907,54,"Arizona",27,7,0.0962,0.3709,14,28,148,67,0,176,54,"Florida",306,116,0.5401,1.4247,413,314,1225,0,7,1539,54,"California",828,128,0.324,2.0956,148,483,7981,NA,11,8464,54,"Nevada",55,0,0,1.7856,10,55,168,"N/A",1,223,"Hawaii",15,5,0.35313926682638,1.05941780047914,54,"Virgina",79,12,0.1406,0.9255,250,77,1201,0,1,1278,54,"North Carolina",92,28,0.267,0.8772,1336,63,1787,NA,0,1850,54,"New York",3038,1460,7.5051,15.6167,7391,2382,12215,0,12,14597
"47","X3.19.20",55,"Texas",306,110,0.3794,1.0553,448,143,2212,NA,3,2355,55,"Arizona",45,18,0.2473,0.6182,43,44,175,85,0,219,55,"Florida",432,126,0.5867,2.0114,384,390,1533,0,8,1923,55,"California",1005,177,0.448,2.5435,128,611,7981,NA,13,8592,55,"Nevada",95,40,1.2986,3.0843,1498,95,1626,"N/A",3,1721,"Hawaii",25,10,0.706278533652759,1.7656963341319,55,"Virgina",103,24,0.2812,1.2067,645,94,1829,0,2,1923,55,"North Carolina",136,44,0.4195,1.2967,655,97,2408,NA,0,2505,55,"New York",5704,2666,13.7044,29.3211,7687,4152,18132,0,12,22284
"48","X3.2.20",38,"Texas",0,0,0,0,0,0,0,NA,0,0,38,"Arizona",1,0,0,0.0137,0,0,0,0,0,0,38,"Florida",1,1,0.0047,0.0047,0,0,0,0,0,0,38,"California",21,9,0.0228,0.0531,0,0,0,0,0,0,38,"Nevada",0,0,0,0,0,0,0,"0",0,0,"Hawaii",0,0,0,0,38,"Virgina",0,0,0,0,0,0,0,0,0,0,38,"North Carolina",0,0,0,0,0,0,0,NA,0,0,38,"New York",1,1,0.0051,0.0051,0,0,0,0,0,0
"49","X3.20.20",56,"Texas",429,123,0.4242,1.4795,2922,194,5083,NA,5,5277,56,"Arizona",68,23,0.316,0.9342,57,65,211,108,0,276,56,"Florida",564,132,0.6146,2.626,467,520,1870,0,10,2390,56,"California",1243,238,0.6023,3.1459,1119,924,8787,NA,18,9711,56,"Nevada",161,66,2.1427,5.227,380,109,1992,"N/A",3,2101,"Hawaii",36,11,0.776906387018035,2.54260272114993,56,"Virgina",123,20,0.2343,1.441,402,114,2211,0,2,2325,56,"North Carolina",189,53,0.5053,1.802,728,137,3096,NA,0,3233,56,"New York",8403,2699,13.8741,43.1952,10143,7102,25325,0,35,32427
"50","X3.21.20",57,"Texas",582,153,0.5277,2.0072,1245,304,6218,NA,5,6522,57,"Arizona",104,36,0.4946,1.4288,68,104,240,128,1,344,57,"Florida",763,199,0.9265,3.5525,4847,658,6579,158,12,7237,57,"California",1405,162,0.41,3.5559,1776,1063,10424,NA,20,11487,57,"Nevada",161,0,0,5.227,407,124,2384,"N/A",5,2508,"Hawaii",36,0,0,2.54260272114993,57,"Virgina",157,34,0.3983,1.8394,465,152,2638,25,2,2790,57,"North Carolina",256,67,0.6388,2.4409,2043,184,5092,NA,0,5276,57,"New York",11727,3324,17.0868,60.282,13010,10356,35081,1531,44,45437
"51","X3.22.20",58,"Texas",643,61,0.2104,2.2176,2234,334,8422,NA,5,8756,58,"Arizona",152,48,0.6595,2.0883,90,152,282,145,2,434,58,"Florida",1004,241,1.1221,4.6746,1583,830,7990,185,13,8820,58,"California",1646,241,0.6099,4.1658,1041,1279,11249,NA,24,12528,58,"Nevada",190,29,0.9415,6.1685,130,190,2448,"N/A",7,2638,"Hawaii",53,17,1.20067350720969,3.74327622835963,58,"Virgina",220,63,0.7381,2.5775,547,219,3118,32,3,3337,58,"North Carolina",305,49,0.4672,2.9081,1162,255,6183,NA,0,6438,58,"New York",15800,4073,20.937,81.2191,15964,15168,46233,2354,114,61401
"52","X3.23.20",59,"Texas",758,115,0.3966,2.6142,1299,352,9703,NA,8,10055,59,"Arizona",235,83,1.1403,3.2286,140,265,309,189,2,574,59,"Florida",1227,223,1.0383,5.7129,3414,1171,11063,217,14,12234,59,"California",2108,462,1.1693,5.3351,312,1536,11304,NA,27,12840,59,"Nevada",245,55,1.7856,7.9541,1097,245,3490,"N/A",8,3735,"Hawaii",56,3,0.211883560095828,3.95515978845545,59,"Virgina",254,34,0.3983,2.9758,360,254,3443,38,6,3697,59,"North Carolina",353,48,0.4577,3.3657,2000,297,8141,NA,0,8438,59,"New York",20884,5084,26.134,107.3531,16888,20875,57414,3125,114,78289
"53","X3.24.20",60,"Texas",955,197,0.6794,3.2936,1112,410,10757,NA,9,11167,60,"Arizona",326,91,1.2502,4.4788,96,357,313,219,5,670,60,"Florida",1412,185,0.8614,6.5742,2305,1412,13127,259,18,14539,60,"California",2538,430,1.0883,6.4233,1460,1733,12567,NA,27,14300,60,"Nevada",278,33,1.0714,9.0255,497,278,3954,"N/A",13,4232,"Hawaii",90,34,2.40134701441938,6.35650680287484,60,"Virgina",293,39,0.4569,3.4327,773,290,4180,45,7,4470,60,"North Carolina",495,142,1.3539,4.7196,101,398,8141,NA,0,8539,60,"New York",25681,4797,24.6587,132.0118,12981,25665,65605,4041,210,91270
"54","X3.25.20",61,"Texas",1229,274,0.945,4.2385,2327,974,12520,NA,12,13494,61,"Arizona",401,75,1.0304,5.5092,103,450,323,264,6,773,61,"Florida",1682,270,1.2571,7.8314,2517,1682,15374,316,22,17056,61,"California",2998,460,1.1642,7.5875,1254,2102,13452,NA,40,15554,61,"Nevada",323,45,1.461,10.4865,340,321,4251,"N/A",13,4572,"Hawaii",91,1,0.070627853365276,6.42713465624011,61,"Virgina",396,103,1.2067,4.6394,900,391,4979,59,9,5370,61,"North Carolina",590,95,0.9058,5.6254,1950,504,9985,NA,1,10489,61,"New York",30841,5160,26.5247,158.5365,12209,30811,72668,5126,285,103479
"55","X3.26.20",62,"Texas",1563,334,1.1519,5.3904,7930,1396,20028,NA,18,21424,62,"Arizona",508,107,1.47,6.9793,151,577,347,303,8,924,62,"Florida",2357,675,3.1428,10.9742,9040,2355,23741,406,28,26096,62,"California",3899,901,2.2803,9.8678,2722,2355,15921,NA,53,18276,62,"Nevada",420,97,3.1492,13.6357,545,420,4697,"N/A",17,5117,"Hawaii",95,4,0.282511413461104,6.70964606970122,62,"Virgina",466,70,0.8201,5.4595,819,460,5729,65,13,6189,62,"North Carolina",738,148,1.4111,7.0366,2421,636,12274,NA,2,12910,62,"New York",37877,7036,36.1682,194.7047,18625,37258,84846,6921,385,122104
"56","X3.27.20",63,"Texas",1937,374,1.2898,6.6803,2242,1731,21935,NA,23,23666,63,"Arizona",665,157,2.157,9.1362,7267,736,7455,343,13,8191,63,"Florida",2900,543,2.5282,13.5024,4855,2765,28186,456,34,30951,63,"California",4657,758,1.9184,11.7862,2110,3006,17380,NA,65,20386,63,"Nevada",536,116,3.766,17.4017,1579,535,6161,"N/A",21,6696,"Hawaii",106,11,0.776906387018035,7.48655245671925,63,"Virgina",607,141,1.6519,7.1115,1148,604,6733,83,14,7337,63,"North Carolina",887,149,1.4207,8.4572,2226,763,14373,NA,3,15136,63,"New York",44876,6999,35.978,230.6827,23649,44635,101118,8732,519,145753
"57","X3.28.20",64,"Texas",2455,518,1.7865,8.4667,1594,2052,23208,NA,27,25260,64,"Arizona",773,108,1.4838,10.62,137,873,7455,386,15,8328,64,"Florida",3763,863,4.0181,17.5205,8178,3763,35366,526,54,39129,64,"California",5095,438,1.1085,12.8947,873,3879,17380,NA,78,21259,64,"Nevada",626,90,2.9219,20.3236,1826,621,7901,"N/A",25,8522,"Hawaii",149,43,3.03699769470687,10.5235501514261,64,"Virgina",740,133,1.5582,8.6697,1829,739,8427,99,17,9166,64,"North Carolina",1020,133,1.2681,9.7253,2391,935,16592,NA,4,17527,64,"New York",52410,7534,38.7281,269.4108,10181,52318,103616,10454,728,155934
"58","X3.29.20",65,"Texas",2792,337,1.1622,9.629,500,2552,23208,NA,34,25760,65,"Arizona",919,146,2.0058,12.6259,5544,919,12953,427,17,13872,65,"Florida",4246,483,2.2488,19.7693,4187,4246,39070,594,56,43316,65,"California",5852,757,1.9159,14.8106,3933,4643,20549,NA,101,25192,65,"Nevada",920,294,9.545,29.8686,628,738,8412,"N/A",28,9150,"Hawaii",149,0,0,10.5235501514261,65,"Virgina",890,150,1.7574,10.427,1443,890,9719,112,22,10609,65,"North Carolina",1191,171,1.6304,11.3557,1418,1040,17905,NA,4,18945,65,"New York",59648,7238,37.2066,306.6174,16426,59513,112847,12695,965,172360
"59","X3.3.20",39,"Texas",0,0,0,0,0,0,0,NA,0,0,39,"Arizona",1,0,0,0.0137,0,0,0,0,0,0,39,"Florida",2,1,0.0047,0.0093,0,0,0,0,0,0,39,"California",25,4,0.0101,0.0633,0,0,0,0,0,0,39,"Nevada",0,0,0,0,0,0,0,"0",0,0,"Hawaii",0,0,0,0,39,"Virgina",0,0,0,0,0,0,0,0,0,0,39,"North Carolina",1,1,0.0095,0.0095,0,0,0,NA,0,0,39,"New York",2,1,0.0051,0.0103,0,0,0,0,0,0
"60","X3.30.20",66,"Texas",3147,355,1.2243,10.8533,10120,2877,33003,NA,34,35880,66,"Arizona",1157,238,3.2698,15.8957,2887,1157,15602,478,20,16759,66,"Florida",5473,1227,5.7129,25.4822,10382,5473,48225,652,63,53698,66,"California",7138,1286,3.2547,18.0653,1065,5708,20549,NA,123,26257,66,"Nevada",1012,92,2.9869,32.8555,2065,1008,10207,"N/A",32,11215,"Hawaii",175,26,1.83632418749717,12.3598743389233,66,"Virgina",1020,130,1.523,11.9501,1429,1020,11018,136,25,12038,66,"North Carolina",1313,122,1.1632,12.519,1919,1307,19557,NA,6,20864,66,"New York",66663,7015,36.0602,342.6776,14108,66497,119971,14578,1218,186468
"61","X3.31.20",67,"Texas",3809,662,2.2831,13.1363,7112,3266,39726,NA,41,42992,67,"Arizona",1289,132,1.8135,17.7092,2612,1289,18082,534,24,19371,67,"Florida",6741,1268,5.9038,31.386,6925,6338,54285,823,77,60623,67,"California",8210,1072,2.7131,20.7784,739,6447,20549,NA,133,26996,67,"Nevada",1114,102,3.3115,36.167,579,1113,10681,"N/A",37,11794,"Hawaii",204,29,2.048207747593,14.4080820865163,67,"Virgina",1249,229,2.6829,14.633,1363,1250,12151,165,27,13401,67,"North Carolina",1535,222,2.1167,14.6357,2242,1498,21608,NA,8,23106,67,"New York",75833,9170,47.1379,389.8155,18718,75795,129391,17085,1550,205186
"62","X3.4.20",40,"Texas",0,0,0,0,0,1,0,NA,0,1,40,"Arizona",1,0,0,0.0137,0,2,27,4,0,29,40,"Florida",2,0,0,0.0093,0,2,24,0,0,26,40,"California",35,10,0.0253,0.0886,0,0,0,0,0,0,40,"Nevada",0,0,0,0,0,0,0,"0",0,0,"Hawaii",0,0,0,0,40,"Virgina",0,0,0,0,0,0,0,0,0,0,40,"North Carolina",1,0,0,0.0095,0,1,0,NA,0,1,40,"New York",11,9,0.0463,0.0565,0,6,48,0,0,54
"63","X3.5.20",41,"Texas",3,3,0.0103,0.0103,0,1,0,NA,0,1,41,"Arizona",1,0,0,0.0137,1,2,28,5,0,30,41,"Florida",3,1,0.0047,0.014,14,9,31,0,0,40,41,"California",51,16,0.0405,0.1291,0,53,462,NA,0,515,41,"Nevada",1,1,0.0325,0.0325,0,1,14,"N/A",0,15,"Hawaii",0,0,0,0,41,"Virgina",0,0,0,0,0,0,18,0,0,18,41,"North Carolina",1,0,0,0.0095,0,1,0,NA,0,1,41,"New York",23,12,0.0617,0.1182,44,22,76,0,0,98
"64","X3.6.20",42,"Texas",4,1,0.0034,0.0138,4,5,0,NA,0,5,42,"Arizona",2,1,0.0137,0.0275,6,3,33,6,0,36,42,"Florida",3,0,0,0.014,24,9,55,0,0,64,42,"California",59,8,0.0202,0.1493,0,53,462,NA,0,515,42,"Nevada",2,1,0.0325,0.0649,0,1,14,"N/A",0,15,"Hawaii",0,0,0,0,42,"Virgina",0,0,0,0,3,0,21,0,0,21,42,"North Carolina",2,1,0.0095,0.0191,0,2,0,NA,0,2,42,"New York",31,8,0.0411,0.1594,27,33,92,0,0,125
"65","X3.7.20",43,"Texas",8,4,0.0138,0.0276,0,8,0,NA,0,8,43,"Arizona",4,2,0.0275,0.055,0,5,44,8,0,49,43,"Florida",7,4,0.0186,0.0326,50,14,100,0,0,114,43,"California",81,22,0.0557,0.205,7,60,462,NA,0,522,43,"Nevada",2,0,0,0.0649,0,1,14,"N/A",0,15,"Hawaii",1,1,0.070627853365276,0.070627853365276,43,"Virgina",0,0,0,0,10,0,31,0,0,31,43,"North Carolina",2,0,0,0.0191,0,2,0,NA,0,2,43,"New York",76,45,0.2313,0.3907,43,76,92,0,0,168
"66","X3.8.20",44,"Texas",11,3,0.0103,0.0379,3,8,0,NA,0,8,44,"Arizona",4,0,0,0.055,0,5,44,6,0,49,44,"Florida",10,3,0.014,0.0466,21,17,118,0,0,135,44,"California",95,14,0.0354,0.2404,9,69,462,NA,0,531,44,"Nevada",4,2,0.0649,0.1299,0,1,14,"N/A",0,15,"Hawaii",1,0,0,0.070627853365276,44,"Virgina",2,2,0.0234,0.0234,7,2,36,0,0,38,44,"North Carolina",2,0,0,0.0191,0,2,0,NA,0,2,44,"New York",106,30,0.1542,0.5449,29,105,92,0,0,197
"67","X3.9.20",45,"Texas",13,2,0.0069,0.0448,4,12,0,NA,0,12,45,"Arizona",4,0,0,0.055,13,5,44,6,0,49,45,"Florida",13,3,0.014,0.0605,23,18,140,0,0,158,45,"California",101,6,0.0152,0.2556,19,88,462,NA,0,550,45,"Nevada",4,0,0,0.1299,0,1,14,"N/A",0,15,"Hawaii",1,0,0,0.070627853365276,45,"Virgina",2,0,0,0.0234,3,3,38,0,0,41,45,"North Carolina",2,0,0,0.0191,1,2,0,NA,0,2,45,"New York",142,36,0.1851,0.7299,37,142,92,0,0,234
"68","X4.1.20",68,"Texas",4355,546,1.883,15.0194,4865,3997,43860,NA,58,47857,68,"Arizona",1413,124,1.7036,19.4128,1687,1413,19645,582,29,21058,68,"Florida",6956,215,1.001,32.387,5861,6955,59529,949,87,66484,68,"California",9399,1189,3.0092,23.7876,2258,7482,21772,NA,153,29254,68,"Nevada",1279,165,5.3569,41.5239,1004,1279,11519,"N/A",45,12798,"Hawaii",224,20,1.41255706730552,15.8206391538218,68,"Virgina",1483,234,2.7415,17.3745,1943,1484,13860,305,34,15344,68,"North Carolina",1675,140,1.3348,15.9705,3137,1584,24659,NA,10,26243,68,"New York",83948,8115,41.7147,431.5302,15694,83712,137168,19929,1941,220880
"69","X4.10.20",77,"Texas",12105,897,3.0935,41.7473,9584,11671,104047,NA,226,115718,77,"Arizona",3112,94,1.2914,42.7548,556,3112,34622,995,97,37734,77,"Florida",17531,1167,5.4335,81.6241,10281,17531,145299,2487,390,162830,77,"California",21081,1371,3.4698,53.3531,19236,18309,145191,NA,492,163500,77,"Nevada",2722,266,8.6359,88.3721,978,2584,20165,"N/A",120,22749,"Hawaii",442,0,0,31.217511187452,77,"Virgina",4509,467,5.4713,52.8263,2433,4509,30950,772,121,35459,77,"North Carolina",3965,229,2.1834,37.8048,9836,3908,53737,NA,74,57645,77,"New York",172348,10569,54.3294,885.9458,26336,170512,247373,45768,7844,417885
"70","X4.11.20",78,"Texas",13023,918,3.166,44.9133,4815,12561,107972,NA,254,120533,78,"Arizona",3393,281,3.8606,46.6154,2796,3393,37137,1037,108,40530,78,"Florida",18494,963,4.4837,86.1078,10103,18494,154439,2661,438,172933,78,"California",21706,625,1.5818,54.9349,1363,19472,145391,NA,541,164863,78,"Nevada",2702,-20,-0.6493,87.7228,838,2700,20887,"N/A",125,23587,"Hawaii",465,23,1.62444062740135,32.8419518148533,78,"Virgina",5077,568,6.6545,59.4809,2540,5077,32922,NA,130,37999,78,"North Carolina",4354,389,3.709,41.5138,2748,4312,56081,NA,80,60393,78,"New York",181026,8678,44.6088,930.5546,23095,180458,260522,48297,8627,440980
"71","X4.12.20",79,"Texas",13677,654,2.2555,47.1688,4000,13484,111049,NA,271,124533,79,"Arizona",3542,149,2.0471,48.6624,1579,3539,38570,1074,115,42109,79,"Florida",19895,1401,6.523,92.6308,9820,19355,163398,2772,465,182753,79,"California",22795,1089,2.7561,57.691,8356,20615,152604,NA,609,173219,79,"Nevada",2836,134,4.3504,92.0733,1024,2836,21775,"N/A",128,24611,"Hawaii",499,34,2.40134701441938,35.2432988292727,79,"Virgina",5274,197,2.308,61.7889,1986,5274,34711,NA,141,39985,79,"North Carolina",4570,216,2.0595,43.5733,1746,4520,57619,NA,81,62139,79,"New York",189033,8007,41.1596,971.7141,20621,188694,272907,50919,9385,461601
"72","X4.13.20",80,"Texas",14275,598,2.0624,49.2311,8693,13906,119320,NA,287,133226,80,"Arizona",3705,163,2.2394,50.9018,1238,3702,39645,1122,122,43347,80,"Florida",21019,1124,5.2333,97.8641,13454,20601,175606,2833,483,196207,80,"California",23931,1136,2.8751,60.5661,17109,21794,168534,NA,651,190328,80,"Nevada",2990,154,4.9997,97.073,853,2971,22493,"N/A",133,25464,"Hawaii",504,5,0.35313926682638,35.5964380960991,80,"Virgina",5747,473,5.5415,67.3304,1416,5747,35654,NA,149,41401,80,"North Carolina",4886,316,3.0129,46.5862,1249,4816,58572,NA,86,63388,80,"New York",195749,6716,34.5232,1006.2374,16756,195031,283326,52936,10056,478357
"73","X4.14.20",81,"Texas",15006,731,2.521,51.7522,13241,14624,131843,NA,318,146467,81,"Arizona",3809,104,1.4288,52.3307,749,3806,40290,1171,131,44096,81,"Florida",21628,609,2.8355,100.6996,6973,21367,181813,3060,537,203180,81,"California",25356,1425,3.6065,64.1725,554,22348,168534,NA,687,190882,81,"Nevada",3134,144,4.6751,101.7481,1197,3088,23573,"N/A",141,26661,"Hawaii",511,7,0.494394973556932,36.090833069656,81,"Virgina",6182,435,5.0964,72.4268,1362,6171,36592,NA,154,42763,81,"North Carolina",5113,227,2.1644,48.7506,1651,5024,60015,NA,108,65039,81,"New York",203020,7271,37.3762,1043.6136,20786,202208,296935,54653,10834,499143
"74","X4.15.20",82,"Texas",15907,901,3.1073,54.8595,5343,15492,136318,NA,364,151810,82,"Arizona",3964,155,2.1295,54.4601,1214,3962,41348,1213,142,45310,82,"Florida",22511,883,4.1112,104.8109,10329,22511,190998,3344,609,213509,82,"California",26686,1330,3.366,67.5386,11326,23338,178870,NA,758,202208,82,"Nevada",3211,77,2.4999,104.248,994,3211,24444,"N/A",150,27655,"Hawaii",524,13,0.918162093748587,37.0089951634046,82,"Virgina",6500,318,3.7256,76.1524,1406,6500,37669,1048,195,44169,82,"North Carolina",5340,227,2.1644,50.9149,2788,5123,62704,NA,117,67827,82,"New York",214454,11434,58.7759,1102.3894,26869,213779,312233,56968,11586,526012
"75","X4.16.20",83,"Texas",16876,969,3.3419,58.2014,6737,16455,142092,NA,393,158547,83,"Arizona",4237,273,3.7507,58.2108,2088,4234,43164,1258,150,47398,83,"Florida",23343,832,3.8738,108.6846,5739,22897,196351,3460,646,219248,83,"California",27677,991,2.5081,70.0467,14278,24424,192062,NA,821,216486,83,"Nevada",3214,3,0.0974,104.3454,796,3321,25130,"N/A",158,28451,"Hawaii",530,6,0.423767120191656,37.4327622835963,83,"Virgina",6889,389,4.5574,80.7098,2275,6889,39555,1114,208,46444,83,"North Carolina",5639,299,2.8509,53.7658,3090,5465,65452,NA,131,70917,83,"New York",223691,9237,47.4823,1149.8717,24567,222284,328295,59052,12192,550579
"76","X4.17.20",84,"Texas",17849,973,3.3556,61.557,10989,17371,152165,NA,428,169536,84,"Arizona",4511,274,3.7644,61.9752,1832,4507,44723,1289,169,49230,84,"Florida",24759,1416,6.5929,115.2775,15589,24119,210718,3665,699,234837,84,"California",29157,1480,3.7457,73.7924,29914,26182,220218,NA,890,246400,84,"Nevada",3524,310,10.0644,114.4098,1311,3524,26238,"N/A",162,29762,"Hawaii",541,11,0.776906387018035,38.2096686706143,84,"Virgina",7491,602,7.0529,87.7627,2553,7491,41506,1221,231,48997,84,"North Carolina",6045,406,3.8711,57.6368,2064,5859,67122,NA,152,72981,84,"New York",230597,6906,35.4999,1185.3717,22644,229642,343581,61120,12822,573223
"77","X4.18.20",85,"Texas",18704,855,2.9487,64.5057,6703,18260,157979,NA,453,176239,85,"Arizona",4724,213,2.9263,64.9015,1815,4719,46326,1341,177,51045,85,"Florida",25492,733,3.4128,118.6903,11690,25269,221258,3842,754,246527,85,"California",30491,1334,3.3762,77.1685,5214,27528,224086,NA,985,251614,85,"Nevada",3626,102,3.3115,117.7213,989,3626,27125,"N/A",168,30751,"Hawaii",574,33,2.33071916105411,40.5403878316684,85,"Virgina",8053,562,6.5843,94.3469,2934,8053,43878,1296,258,51931,85,"North Carolina",6328,283,2.6983,60.3351,3230,6140,70071,NA,164,76211,85,"New York",237474,6877,35.3509,1220.7225,23309,236732,359800,63103,13362,596532
"78","X4.19.20",86,"Texas",19260,556,1.9175,66.4232,6471,18923,163787,NA,477,182710,86,"Arizona",4933,209,2.8714,67.7729,1945,4929,48061,1387,184,52990,86,"Florida",26314,822,3.8272,122.5176,9552,25996,230083,3930,781,256079,86,"California",31431,940,2.379,79.5475,8052,28963,230703,NA,1072,259666,86,"Nevada",3728,102,3.3115,121.0328,847,3728,27870,"N/A",172,31598,"Hawaii",580,6,0.423767120191656,40.9641549518601,86,"Virgina",8542,489,5.729,100.0759,2802,8537,46196,1422,277,54733,86,"North Carolina",6601,273,2.603,62.9381,2561,6493,72279,NA,172,78772,86,"New York",243382,5908,30.3698,1251.0923,21023,242786,374769,64550,13869,617555
"79","X4.2.20",69,"Texas",5069,714,2.4624,17.4818,2822,4669,46010,NA,70,50679,69,"Arizona",1596,183,2.5142,21.9269,1651,1598,21111,616,32,22709,69,"Florida",9008,2052,9.5541,41.9411,10812,8010,69286,1123,128,77296,69,"California",10773,1374,3.4774,27.265,673,8155,21772,NA,171,29927,69,"Nevada",1463,184,5.9737,47.4976,1248,1458,12588,"N/A",51,14046,"Hawaii",256,32,2.26009130768883,18.0807304615106,69,"Virgina",1706,223,2.6126,19.9871,2245,1706,15883,305,41,17589,69,"North Carolina",1977,302,2.8795,18.85,2436,1857,26822,NA,16,28679,69,"New York",92506,8558,43.9919,475.5222,18085,92381,146584,22786,2373,238965
"80","X4.20.20",87,"Texas",19751,491,1.6933,68.1166,7684,19458,170936,NA,495,190394,87,"Arizona",5068,135,1.8547,69.6277,1510,5064,49436,1454,187,54500,87,"Florida",27059,745,3.4687,125.9863,10146,26660,239565,4010,806,266225,87,"California",33686,2255,5.7071,85.2546,21234,30333,250567,NA,1166,280900,87,"Nevada",3830,102,3.3115,124.3444,749,3830,28517,"N/A",180,32347,"Hawaii",584,4,0.282511413461104,41.2466663653212,87,"Virgina",8990,448,5.2487,105.3246,2002,8990,47745,1500,300,56735,87,"North Carolina",6895,294,2.8032,65.7413,712,6764,72720,NA,179,79484,87,"New York",248416,5034,25.877,1276.9693,16306,247512,386349,65969,14347,633861
"81","X4.21.20",88,"Texas",20574,823,2.8383,70.9549,15005,20196,185203,NA,517,205399,88,"Arizona",5256,188,2.5829,72.2105,652,5251,49901,1484,208,55152,88,"Florida",27869,810,3.7713,129.7576,10834,27495,249564,4235,856,277059,88,"California",35465,1779,4.5024,89.757,9600,30978,259522,NA,1208,290500,88,"Nevada",3937,107,3.4739,127.8182,708,3937,29118,"N/A",193,33055,"Hawaii",586,2,0.141255706730552,41.3879220720517,88,"Virgina",9630,640,7.4981,112.8227,1619,9630,48724,1581,324,58354,88,"North Carolina",7134,239,2.2788,68.0201,3847,6951,76380,NA,213,83331,88,"New York",253519,5103,26.2317,1303.201,15464,251690,397635,67271,14828,649325
"82","X4.22.20",89,"Texas",21321,747,2.5762,73.5311,11384,21069,195714,NA,543,216783,89,"Arizona",5473,217,2.9813,75.1918,1449,5459,51142,1528,229,56601,89,"Florida",28309,440,2.0486,131.8063,11568,28309,260318,4469,910,288627,89,"California",37344,1879,4.7555,94.5125,9600,33261,266839,NA,1268,300100,89,"Nevada",4081,144,4.6751,132.4933,833,4081,29807,"N/A",201,33888,"Hawaii",592,6,0.423767120191656,41.8116891922434,89,"Virgina",10266,636,7.4512,120.2739,2424,10266,50512,1659,349,60778,89,"North Carolina",7495,361,3.442,71.4621,7005,7220,83116,NA,242,90336,89,"New York",258222,4703,24.1755,1327.3765,20657,257216,412766,68773,15302,669982
"83","X4.23.20",90,"Texas",22650,1329,4.5834,78.1145,8295,21944,203134,NA,561,225078,90,"Arizona",5772,299,4.1079,79.2997,2096,5769,52928,1572,249,58697,90,"Florida",29648,1339,6.2344,138.0406,8081,28832,267876,4693,979,296708,90,"California",39561,2217,5.6109,100.1234,165227,35396,429931,NA,1354,465327,90,"Nevada",4208,127,4.1232,136.6165,861,4208,30541,"N/A",210,34749,"Hawaii",596,4,0.282511413461104,42.0942006057045,90,"Virgina",10998,732,8.5759,128.8498,4111,10998,53891,1753,372,64889,90,"North Carolina",7820,325,3.0988,74.5608,5849,7608,88577,NA,253,96185,90,"New York",263460,5238,26.9257,1354.3022,25938,263460,432460,70182,15740,695920
"84","X4.24.20",91,"Texas",23642,992,3.4212,81.5357,17469,22806,219741,NA,593,242547,91,"Arizona",6045,273,3.7507,83.0504,2017,6045,54669,1626,266,60714,91,"Florida",30533,885,4.1205,142.1612,20251,30174,286785,4888,1031,316959,91,"California",41355,1794,4.5404,104.6638,16770,37369,444728,NA,1469,482097,91,"Nevada",4398,190,6.1685,142.785,1443,4398,31794,"N/A",216,36192,"Hawaii",601,5,0.35313926682638,42.4473398725308,91,"Virgina",11594,596,6.9826,135.8324,4551,11594,57846,1837,410,69440,91,"North Carolina",8290,470,4.4813,79.0421,4399,8052,92532,NA,269,100584,91,"New York",271590,8130,41.7918,1396.094,34736,271590,459066,71373,16162,730656
"85","X4.25.20",92,"Texas",24153,511,1.7623,83.298,20269,23773,239043,NA,623,262816,92,"Arizona",6286,241,3.311,86.3614,1794,6280,56228,1672,266,62508,92,"Florida",30839,306,1.4247,143.5859,16140,30839,302260,5045,1075,333099,92,"California",42368,1013,2.5638,107.2276,12076,39254,454919,NA,1562,494173,92,"Nevada",4539,141,4.5777,147.3627,1016,4539,32669,"N/A",229,37208,"Hawaii",605,4,0.282511413461104,42.729851285992,92,"Virgina",12366,772,9.0446,144.877,3202,12366,60276,1942,436,72642,92,"North Carolina",8768,478,4.5576,83.5996,4681,8623,96642,NA,289,105265,92,"New York",282143,10553,54.2471,1450.3411,46912,282143,495425,72444,16599,777568
"86","X4.26.20",93,"Texas",24967,814,2.8073,86.1053,13205,24631,251390,NA,648,276021,93,"Arizona",6534,248,3.4072,89.7686,2303,6526,58285,1716,275,64811,93,"Florida",31532,693,3.2266,146.8125,11514,31528,313085,5155,1094,344613,93,"California",43558,1190,3.0117,110.2393,11862,41137,464898,NA,1651,506035,93,"Nevada",4734,195,6.3308,153.6935,978,4602,33584,"N/A",235,38186,"Hawaii",606,1,0.070627853365276,42.8004791393572,93,"Virgina",12970,604,7.0763,151.9533,3958,12970,63630,2014,448,76600,93,"North Carolina",8997,229,2.1834,85.7831,2629,8830,99064,NA,299,107894,93,"New York",288045,5902,30.3389,1480.6801,27782,288045,517305,73540,16966,805350
"87","X4.27.20",94,"Texas",25321,354,1.2209,87.3262,14496,25297,265220,NA,663,290517,94,"Arizona",6725,191,2.6241,92.3927,1732,6716,59827,1772,275,66543,94,"Florida",32138,606,2.8215,149.634,11850,32138,324325,5211,1101,356463,94,"California",44966,1408,3.5635,113.8028,20049,42164,483920,NA,1710,526084,94,"Nevada",4700,-34,-1.1038,152.5897,627,4690,34123,"N/A",245,38813,"Hawaii",607,1,0.070627853365276,42.8711069927225,94,"Virgina",13538,568,6.6545,158.6078,4079,13535,67144,3298,458,80679,94,"North Carolina",9428,431,4.1094,89.8925,2026,9142,100778,NA,306,109920,94,"New York",291996,3951,20.3099,1500.99,20745,291996,534099,74602,17303,826095
"88","X4.28.20",95,"Texas",26357,1036,3.5729,90.8991,9867,26171,274213,NA,690,300384,95,"Arizona",6955,230,3.1599,95.5526,895,6948,60490,1824,293,67438,95,"Florida",32848,710,3.3057,152.9398,10412,32846,334029,5266,1154,366875,95,"California",46164,1198,3.032,116.8347,27325,43464,509945,NA,1755,553409,95,"Nevada",4821,121,3.9284,156.518,1306,4805,35314,"N/A",251,40119,"Hawaii",609,2,0.141255706730552,43.0123626994531,95,"Virgina",14339,801,9.3843,167.9921,2619,14339,68959,3422,492,83298,95,"North Carolina",9755,327,3.1178,93.0103,2832,9568,103184,NA,342,112752,95,"New York",295106,3110,15.9868,1516.9768,18899,295106,549888,75362,17638,844994
"89","X4.29.20",96,"Texas",27257,900,3.1039,94.003,14406,27054,287736,NA,732,314790,96,"Arizona",7209,254,3.4896,99.0422,1375,7202,61611,1884,304,68813,96,"Florida",33193,345,1.6063,154.5461,6613,33193,340295,5624,1240,373488,96,"California",48747,2583,6.5372,123.3719,24199,45031,532577,NA,1809,577608,96,"Nevada",4934,113,3.6686,160.1867,909,4898,36130,"N/A",257,41028,"Hawaii",613,4,0.282511413461104,43.2948741129142,96,"Virgina",14962,623,7.2989,175.291,2642,14961,70979,3608,522,85940,96,"North Carolina",10180,425,4.0522,97.0625,5688,9948,108492,NA,354,118440,96,"New York",299691,4585,23.5689,1540.5457,27487,299691,572790,76450,18015,872481
"90","X4.3.20",70,"Texas",5734,665,2.2934,19.7752,5085,5330,50434,NA,90,55764,70,"Arizona",1769,173,2.3768,24.3037,1964,1769,22904,667,41,24673,70,"Florida",10268,1260,5.8665,47.8076,14426,9585,82137,1287,163,91722,70,"California",12004,1231,3.1155,30.3805,3073,9191,23809,NA,203,33000,70,"Nevada",1514,51,1.6558,49.1534,486,1514,13018,"N/A",59,14532,"Hawaii",319,63,4.44955476201238,22.530285223523,70,"Virgina",2012,306,3.585,23.5721,1416,2012,16993,312,46,19005,70,"North Carolina",2251,274,2.6125,21.4625,2919,2093,29505,NA,19,31598,70,"New York",102987,10481,53.877,529.3992,21555,102863,157657,26210,2935,260520
"91","X4.30.20",97,"Texas",28727,1470,5.0697,99.0727,15510,28087,302213,NA,782,330300,97,"Arizona",7655,446,6.1275,105.1696,2973,7648,64138,1937,320,71786,97,"Florida",33690,497,2.314,156.8601,8917,33690,348715,5795,1290,382405,97,"California",50130,1383,3.5002,126.8721,25531,46500,556639,NA,1887,603139,97,"Nevada",5053,119,3.8634,164.0501,958,4998,36988,"N/A",269,41986,"Hawaii",618,5,0.35313926682638,43.6480133797405,97,"Virgina",15847,885,10.3684,185.6595,5569,15846,75663,3654,552,91509,97,"North Carolina",10754,574,5.4729,102.5354,9596,10509,117527,NA,378,128036,97,"New York",304372,4681,24.0624,1564.6081,28155,304372,596264,77400,18321,900636
"92","X4.4.20",71,"Texas",6567,833,2.8728,22.648,7987,6110,57641,NA,105,63751,71,"Arizona",2019,250,3.4347,27.7384,2487,2019,25141,711,52,27160,71,"Florida",11537,1269,5.9084,53.7161,10345,11111,90956,1462,191,102067,71,"California",12837,833,2.1082,32.4887,2300,10701,24599,NA,237,35300,71,"Nevada",1742,228,7.4022,56.5556,1631,1742,14421,"N/A",70,16163,"Hawaii",351,32,2.26009130768883,24.7903765312119,71,"Virgina",2407,395,4.6277,28.1998,2547,2407,19145,390,52,21552,71,"North Carolina",2486,235,2.2406,23.7031,7175,2402,36371,NA,24,38773,71,"New York",113833,10846,55.7533,585.1525,23101,113704,169917,29471,3565,283621
"93","X4.5.20",72,"Texas",7209,642,2.2141,24.8622,7187,6812,64126,NA,127,70938,72,"Arizona",2269,250,3.4347,31.1731,250,2269,25141,760,64,27410,72,"Florida",12350,813,3.7853,57.5014,11337,12151,101253,1572,218,113404,72,"California",15034,2197,5.5603,38.049,78400,12026,101674,NA,276,113700,72,"Nevada",1855,113,3.6686,60.2242,668,1836,14995,"N/A",76,16831,"Hawaii",371,20,1.41255706730552,26.2029335985174,72,"Virgina",2640,233,2.7298,30.9296,2119,2637,21034,431,51,23671,72,"North Carolina",2649,163,1.5541,25.2572,1272,2585,37460,NA,31,40045,72,"New York",123160,9327,47.9449,633.0975,18659,122031,180249,32293,4159,302280
"94","X4.6.20",73,"Texas",8043,834,2.8763,27.7384,14419,7276,78081,NA,140,85357,73,"Arizona",2460,191,2.6241,33.7972,5124,2456,30078,819,65,32534,73,"Florida",13324,974,4.5349,62.0363,9870,13324,109950,1682,236,123274,73,"California",16019,985,2.4929,40.5419,2833,13438,103095,NA,319,116533,73,"Nevada",1953,98,3.1817,63.4059,798,1953,15676,"N/A",79,17629,"Hawaii",387,16,1.13004565384442,27.3329792523618,73,"Virgina",2878,238,2.7883,33.7179,850,2878,21643,497,54,24521,73,"North Carolina",2962,313,2.9843,28.2416,681,2870,37856,NA,33,40726,73,"New York",131815,8655,44.4906,677.588,18531,130689,190122,34377,4758,320811
"95","X4.7.20",74,"Texas",8925,882,3.0418,30.7802,3292,8262,80387,NA,154,88649,74,"Arizona",2575,115,1.5799,35.3771,841,2575,30800,853,73,33375,74,"Florida",14545,1221,5.685,67.7213,14888,14747,123415,1999,296,138162,74,"California",17351,1332,3.3711,43.913,898,14336,103095,NA,343,117431,74,"Nevada",2124,171,5.5517,68.9575,1010,2087,16552,"N/A",91,18639,"Hawaii",410,23,1.62444062740135,28.9574198797631,74,"Virgina",3335,457,5.3541,39.072,4124,3333,25312,563,63,28645,74,"North Carolina",3299,337,3.2132,31.4547,356,3221,37861,NA,46,41082,74,"New York",139875,8060,41.432,719.02,19247,138863,201195,36932,5489,340058
"96","X4.8.20",75,"Texas",9777,852,2.9383,33.7186,7609,9353,86905,NA,177,96258,75,"Arizona",2726,151,2.0745,37.4517,1189,2726,31838,906,80,34564,75,"Florida",15456,911,4.2416,71.9629,4972,15455,127679,2062,309,143134,75,"California",18897,1546,3.9127,47.8257,13798,15865,115364,NA,374,131229,75,"Nevada",2259,135,4.3829,73.3404,1927,2318,18248,"N/A",101,20566,"Hawaii",410,0,0,28.9574198797631,75,"Virgina",3645,310,3.6319,42.7039,2000,3645,27000,615,75,30645,75,"North Carolina",3499,200,1.9069,33.3617,1905,3426,39561,NA,53,42987,75,"New York",151061,11186,57.501,776.5211,25095,149316,215837,39982,6268,365153
"97","X4.9.20",76,"Texas",11208,1431,4.9352,38.6538,9876,10230,95904,NA,199,106134,76,"Arizona",3018,292,4.0117,41.4634,2614,3018,34160,950,89,37178,76,"Florida",16364,908,4.2276,76.1905,9415,16364,136185,2268,354,152549,76,"California",19710,813,2.0576,49.8833,13035,16957,127307,NA,442,144264,76,"Nevada",2456,197,6.3958,79.7362,1205,2456,19315,"N/A",110,21771,"Hawaii",442,32,2.26009130768883,31.217511187452,76,"Virgina",4042,397,4.6512,47.3551,2381,4042,28984,685,109,33026,76,"North Carolina",3736,237,2.2597,35.6214,4822,3651,44158,NA,65,47809,76,"New York",161779,10718,55.0953,831.6164,26396,159937,231612,42852,7067,391549
"98","X5.1.20",98,"Texas",29692,965,3.3281,102.4008,21475,29229,322546,NA,816,351775,98,"Arizona",7969,314,4.3139,109.4836,3093,7962,66917,1986,330,74879,98,"Florida",34728,1038,4.8329,161.693,20294,34728,367971,5795,1314,402699,98,"California",52026,1896,4.7985,131.6706,22198,48917,576420,NA,1982,625337,98,"Nevada",5248,195,6.3308,170.381,1609,5227,38368,"N/A",277,43595,"Hawaii",619,1,0.070627853365276,43.7186412331058,98,"Virgina",16902,1055,12.3601,198.0196,-4344,17731,84365,3738,616,102096,98,"North Carolina",11070,316,3.0129,105.5484,5796,10923,122909,NA,399,133832,98,"New York",308314,3942,20.2636,1584.8718,26802,308314,619124,78224,18610,927438
"99","X5.10.20",107,"Texas",39258,864,2.9797,135.3916,12482,38869,462907,NA,1088,501776,107,"Arizona",11119,159,2.1845,152.7604,4567,11119,99258,2421,536,110377,107,"Florida",40596,595,2.7703,189.0143,11217,40596,498352,7404,1791,538948,107,"California",67600,1042,2.6372,171.0863,37298,64561,848009,NA,2678,912570,107,"Nevada",6120,-51,-1.6558,198.6912,2698,6098,52711,"N/A",339,58809,"Hawaii",632,1,0.070627853365276,44.6368033268544,107,"Virgina",24081,885,10.3684,282.127,5906,24081,118974,4756,839,143055,107,"North Carolina",14938,460,4.3859,142.4283,5773,14764,177371,NA,547,192135,107,"New York",335395,2273,11.6842,1724.0802,29230,335395,847603,83761,21478,1182998
"100","X5.11.20",108,"Texas",40555,1297,4.473,139.8647,23921,39869,485828,NA,1100,525697,108,"Arizona",11383,264,3.627,156.3875,6087,11380,105084,2462,542,116464,108,"Florida",40982,386,1.7972,190.8115,22109,40982,520075,7458,1805,561057,108,"California",69329,1729,4.3759,175.4622,43094,66680,888984,NA,2745,955664,108,"Nevada",6152,32,1.0389,199.7301,1275,6152,53932,"N/A",344,60084,"Hawaii",634,2,0.141255706730552,44.778059033585,108,"Virgina",25070,989,11.5869,293.7138,7562,25070,125547,4777,850,150617,108,"North Carolina",15274,336,3.2036,145.6319,3730,15045,180820,NA,550,195865,108,"New York",337055,1660,8.5331,1732.6134,21653,337055,867596,84194,21640,1204651
"101","X5.12.20",109,"Texas",41432,877,3.0246,142.8893,12475,41048,497124,NA,1133,538172,109,"Arizona",11736,353,4.8498,161.2372,6378,11736,111106,2504,562,122842,109,"Florida",41923,941,4.3813,195.1928,18547,41923,537681,7654,1849,579604,109,"California",70978,1649,4.1734,179.6356,36233,67939,923958,NA,2770,991897,109,"Nevada",6313,161,5.227,204.9572,3991,6311,57764,"N/A",350,64075,"Hawaii",635,1,0.070627853365276,44.8486868869502,109,"Virgina",25800,730,8.5525,302.2663,4712,25800,129529,4929,891,155329,109,"North Carolina",15622,348,3.3181,148.95,6379,15346,186898,NA,577,202244,109,"New York",338485,1430,7.3508,1739.9642,20462,338485,886628,84489,21845,1225113
"102","X5.13.20",110,"Texas",43020,1588,5.4766,148.3659,18604,42403,514373,NA,1158,556776,110,"Arizona",12216,480,6.5946,167.8318,4908,12176,115574,2543,594,127750,110,"Florida",42402,479,2.2302,197.423,15159,42402,552361,7835,1898,594763,110,"California",72798,1820,4.6062,184.2417,41473,69382,963988,NA,2847,1033370,110,"Nevada",6476,163,5.2919,210.2491,2597,6394,60278,"N/A",355,66672,"Hawaii",638,3,0.211883560095828,45.0605704470461,110,"Virgina",26746,946,11.0831,313.3494,6063,26746,134646,5080,927,161392,110,"North Carolina",16352,730,6.9603,155.9103,8213,15816,194641,NA,597,210457,110,"New York",340661,2176,11.1856,1751.1498,33794,340661,918246,85008,22013,1258907
"103","X5.14.20",111,"Texas",44480,1460,5.0352,153.4011,30537,43851,543462,NA,1216,587313,111,"Arizona",12674,458,6.2923,174.1241,6588,12674,121664,2595,624,134338,111,"Florida",43210,808,3.762,201.1851,0,43210,565627,7993,1991,608837,111,"California",74871,2073,5.2465,189.4882,32222,71141,994451,NA,2934,1065592,111,"Nevada",6504,28,0.909,211.1581,2812,6499,62985,"N/A",358,69484,"Hawaii",637,-1,-0.070627853365276,44.9899425936808,111,"Virgina",27813,1067,12.5007,325.8501,5438,27813,139017,5211,955,166830,111,"North Carolina",16968,616,5.8733,161.7836,8811,16507,202761,NA,615,219268,111,"New York",343051,2390,12.2857,1763.4355,39850,343051,955706,85454,22170,1298757
"104","X5.15.20",112,"Texas",45721,1241,4.2799,157.681,22317,45198,564432,NA,1272,609630,112,"Arizona",13169,495,6.8006,180.9247,7663,13169,128832,2636,651,142001,112,"Florida",44138,928,4.3208,205.5058,14074,43210,565627,7993,1948,608837,112,"California",76693,1822,4.6112,194.0994,39059,73164,1031487,NA,3032,1104651,112,"Nevada",6733,229,7.4347,218.5928,2662,6614,65532,"N/A",368,72146,"Hawaii",638,1,0.070627853365276,45.0605704470461,112,"Virgina",28672,859,10.0638,335.914,11184,28672,149342,5316,977,178014,112,"North Carolina",17494,526,5.0152,166.7988,12279,17129,214418,NA,641,231547,112,"New York",345813,2762,14.1979,1777.6334,39291,345813,992235,85782,22304,1338048
"105","X5.16.20",113,"Texas",47452,1731,5.9698,163.6508,29109,46999,591740,NA,1305,638739,113,"Arizona",13666,497,6.8281,187.7529,4787,13631,133157,2673,679,146788,113,"Florida",44811,673,3.1335,208.6393,21210,44811,585236,8393,2040,630047,113,"California",78725,2032,5.1427,199.2421,29255,74936,1058970,NA,3108,1133906,113,"Nevada",6813,80,2.5973,221.1901,1518,6662,67002,"N/A",369,73664,"Hawaii",639,1,0.070627853365276,45.1311983004113,113,"Virgina",29683,1011,11.8446,347.7586,7554,29683,155885,5414,1002,185568,113,"North Carolina",18130,636,6.064,172.8628,7039,17982,220604,NA,652,238586,113,"New York",348232,2419,12.4347,1790.0682,40669,348232,1030485,86207,22478,1378717
"106","X5.17.20",114,"Texas",48396,944,3.2556,166.9065,11616,47784,602571,NA,1336,650355,114,"Arizona",13945,279,3.8331,191.586,4973,13937,137824,2703,680,151761,114,"Florida",45588,777,3.6177,212.257,21745,45588,606204,8478,2049,651792,114,"California",80166,1441,3.647,202.8891,45220,76793,1102333,NA,3204,1179126,114,"Nevada",6949,136,4.4154,225.6055,6973,6857,73780,"N/A",375,80637,"Hawaii",640,1,0.070627853365276,45.2018261537766,114,"Virgina",30388,705,8.2596,356.0182,4793,30388,159973,5517,1009,190361,114,"North Carolina",18673,543,5.1773,178.0401,10358,18512,230432,NA,659,248944,114,"New York",350121,1889,9.7103,1799.7785,34679,350121,1063275,86575,22619,1413396
"107","X5.18.20",115,"Texas",49177,781,2.6935,169.6,29490,48693,631152,NA,1347,679845,115,"Arizona",14208,263,3.6133,195.1992,4712,14170,142303,2757,686,156473,115,"Florida",46442,854,3.9762,216.2332,24620,46442,629970,8553,2073,676412,115,"California",81457,1291,3.2673,206.1565,56117,78839,1156404,NA,3261,1235243,115,"Nevada",7061,112,3.6362,229.2416,1195,6906,74926,"N/A",383,81832,"Hawaii",640,0,0,45.2018261537766,115,"Virgina",31140,752,8.8102,364.8284,5865,31140,165086,5609,1014,196226,115,"North Carolina",19207,534,5.0915,183.1316,6811,19023,236732,NA,661,255755,115,"New York",351371,1250,6.4256,1806.204,26161,351371,1088186,86901,22729,1439557
"108","X5.19.20",116,"Texas",50552,1375,4.7421,174.342,20301,49912,650234,NA,1369,700146,116,"Arizona",14576,368,5.0558,200.2551,5098,14566,147005,2800,704,161571,116,"Florida",46944,502,2.3373,218.5705,39443,46944,668911,8744,2129,715855,116,"California",83752,2295,5.8083,211.9648,57429,80430,1212242,NA,3302,1292672,116,"Nevada",7096,35,1.1363,230.3779,5723,7046,80509,"N/A",390,87555,"Hawaii",641,1,0.070627853365276,45.2724540071419,116,"Virgina",32145,1005,11.7743,376.6028,6563,32145,170644,5768,1041,202789,116,"North Carolina",19239,32,0.3051,183.4367,9253,19700,245308,NA,691,265008,116,"New York",352845,1474,7.577,1813.781,28182,352845,1114894,87169,22843,1467739
"109","X5.2.20",99,"Texas",30917,1225,4.2247,106.6255,28873,30522,350126,NA,847,380648,99,"Arizona",8364,395,5.4268,114.9104,3118,8364,69633,2033,348,77997,99,"Florida",35463,735,3.4221,165.1152,13313,35463,380549,5945,1388,416012,99,"California",53347,1321,3.3433,135.0139,29648,50442,604543,NA,2073,654985,99,"Nevada",5389,141,4.5777,174.9587,792,5311,39076,"N/A",281,44387,"Hawaii",620,1,0.070627853365276,43.7892690864711,99,"Virgina",17738,836,9.7944,207.814,14931,16901,89539,3654,581,106440,99,"North Carolina",11588,518,4.9389,110.4873,5643,11509,127966,NA,420,139475,99,"New York",312977,4663,23.9699,1608.8417,31633,312977,646094,78942,18909,959071
"110","X5.20.20",117,"Texas",51673,1121,3.8661,178.2081,20782,51323,669605,NA,1419,720928,117,"Arizona",14906,330,4.5338,204.7888,3864,14897,150538,2836,747,165435,117,"Florida",47471,527,2.4537,221.0242,55493,47471,723877,8934,2173,771348,117,"California",85997,2245,5.6818,217.6466,46644,81795,1257521,NA,3334,1339316,117,"Nevada",7388,292,9.48,239.858,3616,7166,84005,"N/A",393,91171,"Hawaii",643,2,0.141255706730552,45.4137097138724,117,"Virgina",32908,763,8.9391,385.5419,9837,32908,179718,6059,1074,212626,117,"North Carolina",20262,1023,9.7539,193.1907,12595,20122,257481,NA,702,277603,117,"New York",354370,1525,7.8392,1821.6202,38097,354370,1151466,87459,22976,1505836
"111","X5.21.20",118,"Texas",53053,1380,4.7593,182.9674,19253,52268,687913,NA,1440,740181,118,"Arizona",15348,442,6.0725,210.8613,6192,15315,156312,2885,763,171627,118,"Florida",48675,1204,5.6058,226.63,42581,48675,765254,9200,2222,813929,118,"California",88031,2034,5.1478,222.7943,40804,84057,1296063,NA,3436,1380120,118,"Nevada",7400,12,0.3896,240.2476,3211,7255,87127,"N/A",397,94382,"Hawaii",647,4,0.282511413461104,45.6962211273335,118,"Virgina",34137,1229,14.3987,399.9405,5973,34137,184462,6269,1099,218599,118,"North Carolina",20512,250,2.3837,195.5743,13042,20860,269785,NA,716,290645,118,"New York",356458,2088,10.7333,1832.3535,49219,356458,1198597,87638,23083,1555055
"112","X5.22.20",119,"Texas",53539,486,1.6761,184.6435,1181,53449,687913,NA,1480,741362,119,"Arizona",15624,276,3.7919,214.6532,4376,15608,160395,2943,775,176003,119,"Florida",49451,776,3.613,230.2431,21567,49451,786045,9372,2268,835496,119,"California",90252,2221,5.621,228.4154,41007,86197,1334930,NA,3542,1421127,119,"Nevada",7525,125,4.0582,244.3058,5559,7401,92540,"N/A",400,99941,"Hawaii",642,-5,-0.35313926682638,45.3430818605072,119,"Virgina",34950,813,9.5249,409.4654,6576,34950,190225,6422,1136,225175,119,"North Carolina",22110,1598,15.2363,210.8107,12579,21618,281606,NA,728,303224,119,"New York",358154,1696,8.7182,1841.0717,45738,358154,1242639,87843,23195,1600793
"113","X5.23.20",120,"Texas",54776,1237,4.2661,188.9096,21344,54509,708197,NA,1506,762706,120,"Arizona",16053,429,5.8939,220.5471,4436,16039,164400,2984,799,180439,120,"Florida",50127,676,3.1474,233.3905,20941,50127,806310,9567,2312,856437,120,"California",92539,2287,5.7881,234.2035,45646,88444,1378329,NA,3630,1466773,120,"Nevada",7526,1,0.0325,244.3383,7106,7696,99351,"N/A",404,107047,"Hawaii",643,1,0.070627853365276,45.4137097138724,120,"Virgina",35749,799,9.3609,418.8263,7295,35749,196721,6431,1159,232470,120,"North Carolina",22864,754,7.1891,217.9998,26358,22725,306857,NA,737,329582,120,"New York",359926,1772,9.1089,1850.1805,51268,359926,1292135,88083,23282,1652061
"114","X5.24.20",121,"Texas",55861,1085,3.7419,192.6515,839,55348,708197,NA,1506,763545,121,"Arizona",16377,324,4.4513,224.9984,3202,16339,167302,3026,800,183641,121,"Florida",50867,740,3.4454,236.8359,14798,50867,820368,9638,2316,871235,121,"California",94020,1481,3.7482,237.9517,48533,90631,1424675,NA,3708,1515306,121,"Nevada",7881,355,11.5254,255.8637,3234,7770,102511,"N/A",408,110281,"Hawaii",643,0,0,45.4137097138724,121,"Virgina",36244,495,5.7993,424.6256,11615,36244,207841,6453,1171,244085,121,"North Carolina",23365,501,4.7768,222.7766,7074,23222,313434,NA,744,336656,121,"New York",361515,1589,8.1682,1858.3487,47765,361515,1338311,88324,23391,1699826
"115","X5.25.20",122,"Texas",56409,548,1.8899,194.5414,42109,55971,749683,NA,1527,805654,122,"Arizona",16575,198,2.7203,227.7187,4141,16561,171221,3077,806,187782,122,"Florida",51746,879,4.0926,240.9285,37000,51746,856489,9681,2331,908235,122,"California",96400,2380,6.0235,243.9751,67439,92710,1490035,NA,3774,1582745,122,"Nevada",7956,75,2.4349,258.2986,4450,7879,106852,"N/A",410,114731,"Hawaii",643,0,0,45.4137097138724,122,"Virgina",37727,1483,17.3745,442.0001,14665,37727,221023,6521,1208,258750,122,"North Carolina",24057,692,6.598,229.3746,8034,23964,320726,NA,754,344690,122,"New York",362764,1249,6.4204,1864.7691,39623,362764,1376685,88554,23488,1739449
"116","X5.26.20",123,"Texas",57230,821,2.8314,197.3729,15579,56560,764673,NA,1536,821233,123,"Arizona",16864,289,3.9705,231.6892,2949,16783,173948,3122,807,190731,123,"Florida",52255,509,2.3699,243.2984,14989,52255,870969,9740,2338,923224,123,"California",99387,2987,7.5597,251.5348,61357,94558,1549544,NA,3795,1644102,123,"Nevada",8057,101,3.2791,261.5777,8636,7997,115370,"N/A",412,123367,"Hawaii",643,0,0,45.4137097138724,123,"Virgina",39342,1615,18.9209,460.921,8431,39342,227839,6630,1236,267181,123,"North Carolina",24455,398,3.7948,233.1694,7641,24140,328191,NA,766,352331,123,"New York",363836,1072,5.5106,1870.2797,34679,363836,1410292,88686,23564,1774128
"117","X5.27.20",124,"Texas",58542,1312,4.5248,201.8976,34441,57921,797753,NA,1562,855674,124,"Arizona",17318,454,6.2374,237.9265,5535,17262,179004,3172,831,196266,124,"Florida",52634,379,1.7646,245.0631,10347,52634,880937,9899,2400,933571,124,"California",101050,1663,4.2088,255.7436,52294,96733,1599663,NA,3814,1696396,124,"Nevada",8150,93,3.0193,264.597,5192,8113,120446,"N/A",416,128559,"Hawaii",644,1,0.070627853365276,45.4843375672377,124,"Virgina",40249,907,10.6262,471.5472,9866,40249,236798,6826,1281,277047,124,"North Carolina",24916,461,4.3955,237.5648,11825,24628,339528,NA,794,364156,124,"New York",364965,1129,5.8036,1876.0833,37416,364965,1446579,88866,23643,1811544
"118","X5.28.20",125,"Texas",60395,1853,6.3906,208.2882,17544,59776,813442,NA,1601,873218,125,"Arizona",17877,559,7.6799,245.6065,6648,17763,185151,3223,857,202914,125,"Florida",53285,651,3.031,248.0941,18045,53285,898331,10056,2446,951616,125,"California",103813,2763,6.9928,262.7364,40498,98980,1637914,NA,3884,1736894,125,"Nevada",8248,98,3.1817,267.7786,2631,8208,122982,"N/A",425,131190,"Hawaii",647,3,0.211883560095828,45.6962211273335,125,"Virgina",41401,1152,13.4965,485.0437,10234,41401,245880,6974,1338,287281,125,"North Carolina",25800,884,8.4286,245.9935,11036,25412,349780,NA,827,375192,125,"New York",366733,1768,9.0883,1885.1716,65245,366733,1510056,89042,23722,1876789
"119","X5.29.20",126,"Texas",60901,506,1.7451,210.0333,20057,61006,832269,NA,1626,893275,126,"Arizona",18472,595,8.1745,253.781,6899,18465,191348,3281,885,209813,126,"Florida",54497,1212,5.6431,253.7372,31623,54497,928742,10243,2495,983239,126,"California",106622,2809,7.1092,269.8456,53665,101697,1688862,NA,3973,1790559,126,"Nevada",8376,128,4.1556,271.9343,3226,8350,126066,"N/A",435,134416,"Hawaii",649,2,0.141255706730552,45.8374768340641,126,"Virgina",42533,1132,13.2622,498.306,11096,42533,255844,7172,1358,298377,126,"North Carolina",26885,1085,10.3451,256.3385,16039,26488,364743,NA,859,391231,126,"New York",368284,1551,7.9728,1893.1444,67341,368284,1575846,89194,23780,1944130
"120","X5.3.20",100,"Texas",31998,1081,3.7281,110.3536,9912,31548,359012,NA,867,390560,100,"Arizona",8640,276,3.7919,118.7022,3122,8640,72479,2089,362,81119,100,"Florida",36078,615,2.8634,167.9786,12177,36078,392111,6244,1403,428189,100,"California",54903,1556,3.938,138.9519,31818,52197,634606,NA,2171,686803,100,"Nevada",5472,83,2.6947,177.6533,882,5426,39843,"N/A",287,45269,"Hawaii",620,0,0,43.7892690864711,100,"Virgina",18672,934,10.9425,218.7565,5906,18671,89331,3910,660,108002,100,"North Carolina",11770,182,1.7353,112.2226,4360,11664,132171,NA,422,143835,100,"New York",316415,3438,17.6729,1626.5145,26840,316415,669496,79768,19189,985911
"121","X5.30.20",127,"Texas",62675,1774,6.1181,216.1514,35242,62338,866179,NA,1626,928517,127,"Arizona",19258,786,10.7986,264.5796,7234,19255,197792,3334,903,217047,127,"Florida",55424,927,4.3161,258.0533,11729,55424,939544,10375,2530,994968,127,"California",109895,3273,8.2835,278.1291,44919,103886,1731592,NA,4068,1835478,127,"Nevada",8517,141,4.5777,276.512,4116,8495,130037,"N/A",439,138532,"Hawaii",651,2,0.141255706730552,45.9787325407946,127,"Virgina",43611,1078,12.6296,510.9355,7135,43611,261901,7216,1370,305512,127,"North Carolina",27794,909,8.667,265.0055,12926,27673,376484,NA,877,404157,127,"New York",369660,1376,7.0733,1900.2177,61251,369660,1635721,89400,23848,2005381
"122","X5.31.20",128,"Texas",64652,1977,6.8182,222.9696,23348,64287,887578,NA,1672,951865,128,"Arizona",19936,678,9.3148,273.8944,8159,19936,205270,3379,906,225206,128,"Florida",56163,739,3.4408,261.494,26381,56163,965186,10453,2534,1021349,128,"California",111951,2056,5.2035,283.3326,53117,106878,1781717,NA,4156,1888595,128,"Nevada",8628,111,3.6037,280.1157,4028,8593,133967,"N/A",444,142560,"Hawaii",652,1,0.070627853365276,46.0493603941599,128,"Virgina",44607,996,11.6689,522.6044,9879,44607,270784,7326,1375,315391,128,"North Carolina",28785,991,9.4488,274.4543,12132,28589,387700,NA,886,416289,128,"New York",370770,1110,5.7059,1905.9235,58444,370770,1693055,89590,23905,2063825
"123","X5.4.20",101,"Texas",32783,785,2.7073,113.0609,16838,32332,375066,NA,884,407398,101,"Arizona",8924,284,3.9018,122.604,4134,8919,76334,2135,362,85253,101,"Florida",36897,819,3.8133,171.7918,16081,36897,407373,6329,1423,444270,101,"California",55884,981,2.4828,141.4347,28948,53616,662135,NA,2215,715751,101,"Nevada",5630,158,5.1296,182.7829,897,5491,40675,"N/A",292,46166,"Hawaii",621,1,0.070627853365276,43.8598969398364,101,"Virgina",19493,821,9.6186,228.3751,4291,19492,92801,4010,684,112293,101,"North Carolina",11971,201,1.9165,114.1391,2604,11848,134591,NA,430,146439,101,"New York",318953,2538,13.0465,1639.561,21399,318953,688357,80376,19415,1007310
"124","X5.5.20",102,"Texas",33912,1129,3.8937,116.9545,19812,33369,393841,NA,906,427210,102,"Arizona",9305,381,5.2344,127.8385,3007,9305,78955,2192,395,88260,102,"Florida",37439,542,2.5235,174.3154,21421,37439,428252,6546,1536,465691,102,"California",58456,2572,6.5094,147.9441,32123,54937,692937,NA,2254,747874,102,"Nevada",5660,30,0.974,183.7569,1718,5594,42290,"N/A",297,47884,"Hawaii",625,4,0.282511413461104,44.1424083532975,102,"Virgina",20257,764,8.9508,237.3259,0,20256,93452,4113,713,113708,102,"North Carolina",12510,539,5.1392,119.2782,5361,12256,139544,NA,452,151800,102,"New York",321192,2239,11.5095,1651.0705,21589,321192,707707,80918,19645,1028899
"125","X5.6.20",103,"Texas",34928,1016,3.5039,120.4585,11728,34422,404516,NA,948,438938,103,"Arizona",9707,402,5.523,133.3614,3477,9707,82030,2244,426,91737,103,"Florida",38002,563,2.6213,176.9367,14360,38002,442049,6776,1605,480051,103,"California",60616,2160,5.4667,153.4108,32028,56212,723690,NA,2317,779902,103,"Nevada",5741,81,2.6297,186.3867,1391,5663,43612,"N/A",311,49275,"Hawaii",626,1,0.070627853365276,44.2130362066627,103,"Virgina",20985,728,8.5291,245.855,1415,20256,93452,4113,713,113708,103,"North Carolina",13053,543,5.1773,124.4555,12682,12758,151724,NA,477,164482,103,"New York",323978,2786,14.3213,1665.3918,27022,323978,731943,81570,19877,1055921
"126","X5.7.20",104,"Texas",36036,1108,3.8212,124.2797,16224,35390,419772,NA,973,455162,104,"Arizona",9945,238,3.2698,136.6312,4697,9945,86489,2292,450,96434,104,"Florida",38828,826,3.8458,180.7825,12899,38828,454122,6990,1667,492950,104,"California",62148,1532,3.8773,157.288,29134,58815,750221,NA,2412,809036,104,"Nevada",5855,114,3.7011,190.0878,2082,5766,45591,"N/A",320,51357,"Hawaii",629,3,0.211883560095828,44.4249197667586,104,"Virgina",21570,585,6.8537,252.7087,9444,21570,101582,4438,769,123152,104,"North Carolina",13540,487,4.6434,129.0989,6846,13397,157931,NA,507,171328,104,"New York",327469,3491,17.9453,1683.3371,33995,327649,762267,82197,20828,1089916
"127","X5.8.20",105,"Texas",37246,1210,4.173,128.4527,21956,36609,440509,NA,1004,477118,105,"Arizona",10526,581,7.9822,144.6134,4691,10526,90599,2350,517,101125,105,"Florida",39199,371,1.7274,182.5099,20391,39199,474142,7157,1738,513341,105,"California",63779,1631,4.1278,161.4159,33838,60614,782260,NA,2504,842874,105,"Nevada",5920,65,2.1103,192.1981,1987,5884,47460,"N/A",328,53344,"Hawaii",629,0,0,44.4249197667586,105,"Virgina",22342,772,9.0446,261.7533,6793,22342,107603,4622,812,129945,105,"North Carolina",14006,466,4.4431,133.542,7285,13868,164745,NA,527,178613,105,"New York",330407,2938,15.1026,1698.4397,31627,330407,791136,82730,21045,1121543
"128","X5.9.20",106,"Texas",38394,1148,3.9592,132.4119,12176,37860,451434,NA,1049,489294,106,"Arizona",10960,434,5.9626,150.576,4685,10960,94850,2386,532,105810,106,"Florida",40001,802,3.7341,186.244,14390,40001,487730,7325,1785,527731,106,"California",66558,2779,7.0333,168.4491,32398,62512,812760,NA,2585,875272,106,"Nevada",6171,251,8.1489,200.347,2767,6028,50083,"N/A",334,56111,"Hawaii",631,2,0.141255706730552,44.5661754734891,106,"Virgina",23196,854,10.0052,271.7585,7204,23196,113953,4717,827,137149,106,"North Carolina",14478,472,4.5003,138.0424,7749,14360,172002,NA,544,186362,106,"New York",333122,2715,13.9563,1712.396,32225,333122,820646,83285,21271,1153768
"129","X6.1.20",129,"Texas",65593,941,3.2453,226.2149,18166,64880,905151,NA,1678,970031,129,"Arizona",20129,193,2.6516,276.546,2864,20123,207947,3445,917,228070,129,"Florida",56830,667,3.1055,264.5996,19051,56830,983570,10494,2543,1040400,129,"California",114733,2782,7.0409,290.3734,56253,110583,1834265,NA,4213,1944848,129,"Nevada",8702,74,2.4025,282.5182,4223,8688,138095,"N/A",445,146783,"Hawaii",652,0,0,46.0493603941599,129,"Virgina",45398,791,9.2672,531.8716,9328,45398,279321,7326,1392,324719,129,"North Carolina",29592,807,7.6944,282.1488,5619,29263,392645,NA,898,421908,129,"New York",371711,941,4.8372,1910.7607,49952,371711,1742066,89703,23959,2113777
"130","X6.10.20",138,"Texas",80777,2569,8.8599,278.5809,13732,79757,1081330,NA,1885,1161087,138,"Arizona",29852,1556,21.3774,410.1272,6474,29852,269835,4000,1095,299687,138,"Florida",67371,1371,6.3834,313.6783,20718,67371,1211652,11621,2889,1279023,138,"California",139715,3074,7.7799,353.5994,55055,133489,2352756,NA,4697,2486245,138,"Nevada",10218,173,5.6166,331.7364,3734,10164,177159,"N/A",474,187323,"Hawaii",685,3,0.211883560095828,48.380079555214,138,"Virgina",52177,439,5.1432,611.2926,7508,52177,346187,7981,1514,398364,138,"North Carolina",38473,1246,11.8801,366.8258,17939,38171,515479,NA,1053,553650,138,"New York",380156,674,3.4647,1954.1718,62297,380156,2288010,89995,24404,2668166
"131","X6.11.20",139,"Texas",82658,1881,6.4871,285.0681,45233,81583,1124737,NA,1920,1206320,139,"Arizona",31267,1415,19.4402,429.5675,9895,31264,278318,4041,1127,309582,139,"Florida",69069,1698,7.9059,321.5842,27725,69069,1237679,11850,2938,1306748,139,"California",143377,3662,9.268,362.8675,54553,136191,2404607,NA,4776,2540798,139,"Nevada",10473,255,8.2788,340.0152,5931,10399,182855,"N/A",475,193254,"Hawaii",692,7,0.494394973556932,48.874474528771,139,"Virgina",52647,470,5.5064,616.799,9033,52647,354750,7964,1520,407397,139,"North Carolina",39584,1111,10.593,377.4188,19027,39481,533196,NA,1064,572677,139,"New York",380892,736,3.7834,1957.9552,60839,380892,2348113,89995,24442,2729005
"132","X6.12.20",140,"Texas",84927,2269,7.8252,292.8933,20637,83680,1143277,NA,1939,1226957,140,"Arizona",33039,1772,24.3449,453.9124,13197,32918,289861,4079,1144,322779,140,"Florida",70971,1902,8.8557,330.4398,29151,70971,1264928,11986,2967,1335899,140,"California",146659,3282,8.3063,371.1738,56849,139281,2458366,NA,4881,2597647,140,"Nevada",10704,231,7.4996,347.5149,6193,10678,188769,"N/A",475,199447,"Hawaii",706,14,0.988789947113863,49.8632644758848,140,"Virgina",53211,564,6.6077,623.4067,43133,53211,397319,8028,1534,450530,140,"North Carolina",41417,1833,17.477,394.8958,23020,41249,554448,NA,1092,595697,140,"New York",381714,822,4.2254,1962.1806,72395,381714,2419686,89995,24495,2801400
"133","X6.13.20",141,"Texas",86915,1988,6.8561,299.7495,33362,86011,1174308,NA,1957,1260319,141,"Arizona",34660,1621,22.2704,476.1828,5618,34458,293939,4115,1183,328397,141,"Florida",73552,2581,12.0171,342.4569,34514,73552,1296861,12155,3016,1370413,141,"California",150018,3359,8.5012,379.6749,64611,141983,2520275,NA,4943,2662258,141,"Nevada",10997,293,9.5125,357.0274,5433,10946,193934,"N/A",478,204880,"Hawaii",723,17,1.20067350720969,51.0639379830945,141,"Virgina",53869,658,7.709,631.1157,9463,53869,406124,8090,1541,459993,141,"North Carolina",42845,1428,13.6155,408.5112,15993,42676,569014,NA,1104,611690,141,"New York",382630,916,4.7086,1966.8892,70840,382630,2489610,89995,24527,2872240
"134","X6.14.20",142,"Texas",88523,1608,5.5456,305.2951,35664,87854,1208129,NA,1976,1295983,142,"Arizona",35706,1046,14.3707,490.5535,9648,35691,302354,4148,1186,338045,142,"Florida",75568,2016,9.3865,351.8434,38602,75568,1333447,12224,3022,1409015,142,"California",152300,2282,5.7754,385.4503,62135,145643,2578750,NA,4989,2724393,142,"Nevada",11201,204,6.623,363.6504,5731,11173,199438,"N/A",479,210611,"Hawaii",728,5,0.35313926682638,51.4170772499209,142,"Virgina",54506,637,7.4629,638.5786,9007,54506,414494,8136,1546,469000,142,"North Carolina",44264,1419,13.5296,422.0409,15440,44119,583011,NA,1109,627130,142,"New York",383324,694,3.5675,1970.4567,62359,383324,2551275,89995,24551,2934599
"135","X6.15.20",143,"Texas",90211,1688,5.8215,311.1166,18778,89108,1225653,NA,1983,1314761,143,"Arizona",36844,1138,15.6346,506.1881,7212,36705,308552,4182,1194,345257,143,"Florida",77326,1758,8.1852,360.0286,21169,77326,1352858,12298,3030,1430184,143,"California",155726,3426,8.6707,394.1211,77603,148855,2653141,NA,5063,2801996,143,"Nevada",11315,114,3.7011,367.3515,5823,11279,205155,"N/A",483,216434,"Hawaii",736,8,0.565022826922208,51.9821000768431,143,"Virgina",54886,380,4.452,643.0306,9999,54886,424113,8132,1552,478999,143,"North Carolina",45114,850,8.1044,430.1453,11349,45102,593377,NA,1118,638479,143,"New York",383944,620,3.1871,1973.6438,56611,383944,2607266,89995,24579,2991210
"136","X6.16.20",144,"Texas",93569,3358,11.581,322.6976,33681,93206,1255236,NA,2029,1348442,144,"Arizona",39185,2341,32.1623,538.3504,9077,39097,315237,4209,1219,354334,144,"Florida",80109,2783,12.9576,372.9862,30125,80109,1380200,12489,3085,1460309,144,"California",158961,3235,8.1873,402.3084,66186,151452,2716730,NA,5089,2868182,144,"Nevada",11683,368,11.9474,379.299,6040,11658,210816,"N/A",485,222474,"Hawaii",736,0,0,51.9821000768431,144,"Virgina",55331,445,5.2135,648.2441,6439,55331,430107,8245,1570,485438,144,"North Carolina",45907,793,7.561,437.7063,12942,45853,605568,NA,1154,651421,144,"New York",384575,631,3.2436,1976.8874,60568,384575,2667203,89995,24608,3051778
"137","X6.17.20",145,"Texas",97699,4130,14.2434,336.941,21196,96335,1273303,NA,2062,1369638,145,"Arizona",40937,1752,24.0702,562.4205,11859,40924,325269,4224,1239,366193,145,"Florida",82719,2610,12.1521,385.1383,25450,82719,1403040,12673,3110,1485759,145,"California",162798,3837,9.7109,412.0193,69573,153560,2784195,NA,5121,2937755,145,"Nevada",11854,171,5.5517,384.8506,5136,11842,215768,"N/A",486,227610,"Hawaii",744,8,0.565022826922208,52.5471229037653,145,"Virgina",55775,444,5.2018,653.4459,8903,55775,438566,8367,1583,494341,145,"North Carolina",46934,1027,9.7921,447.4983,16001,46855,620567,NA,1168,667422,145,"New York",385142,567,2.9146,1979.8021,59341,385142,2725977,89995,24629,3111119
"138","X6.18.20",146,"Texas",101259,3560,12.2776,349.2186,38103,99851,1307890,NA,2105,1407741,146,"Arizona",43445,2508,34.4566,596.8772,13539,43443,336289,4241,1271,379732,146,"Florida",85926,3207,14.9317,400.0701,25553,85926,1425386,12862,3154,1511312,146,"California",167086,4288,10.8523,422.8717,60233,157015,2840973,NA,5208,2997988,146,"Nevada",12169,315,10.2268,395.0774,3186,12076,218720,"N/A",489,230796,"Hawaii",762,18,1.27130136057497,53.8184242643403,146,"Virgina",56238,463,5.4244,658.8703,7727,56238,445830,8350,1586,502068,146,"North Carolina",48167,1233,11.7562,459.2545,26256,48188,645490,NA,1175,693678,146,"New York",385760,618,3.1768,1982.9788,68541,385760,2793900,89995,24661,3179660
"139","X6.19.20",147,"Texas",105394,4135,14.2606,363.4792,16173,103305,1320609,NA,2140,1423914,147,"Arizona",46910,3465,47.6045,644.4817,12484,46689,345527,4246,1312,392216,147,"Florida",89748,3822,17.7952,417.8653,21559,89748,1443123,13062,3197,1532871,147,"California",170862,3776,9.5565,432.4282,76542,161099,2913431,NA,5290,3074530,147,"Nevada",12524,355,11.5254,406.6028,3564,12486,221874,"N/A",491,234360,"Hawaii",789,27,1.90695204086245,55.7253763052027,147,"Virgina",56793,555,6.5022,665.3725,10343,56793,455618,8425,1602,512411,147,"North Carolina",49785,1618,15.427,474.6816,18635,49840,662473,NA,1197,712313,147,"New York",386556,796,4.0918,1987.0706,79303,386556,2872407,89995,24686,3258963
"140","X6.2.20",130,"Texas",67310,1717,5.9215,232.1364,16193,66568,919656,NA,1698,986224,130,"Arizona",21264,1135,15.5934,292.1394,9763,21250,216583,3520,941,237833,130,"Florida",57447,617,2.8727,267.4723,9352,57447,992305,10678,2613,1049752,130,"California",117215,2482,6.2816,296.655,67735,113006,1899577,NA,4251,2012583,130,"Nevada",8858,156,5.0647,287.5828,5308,8830,143261,"N/A",452,152091,"Hawaii",653,1,0.070627853365276,46.1199882475252,130,"Virgina",46239,841,9.8529,541.7245,4170,46239,282650,7373,1407,328889,130,"North Carolina",30023,431,4.1094,286.2582,13013,29889,405032,NA,921,434921,130,"New York",373040,1329,6.8317,1917.5924,54054,373040,1794791,89861,24023,2167831
"141","X6.20.20",148,"Texas",109581,4187,14.44,377.9192,39484,107735,1355663,NA,2165,1463398,148,"Arizona",50127,3217,44.1973,688.6791,13064,49798,355482,4252,1338,405280,148,"Florida",93797,4049,18.8521,436.7173,28401,93797,1467475,13227,3237,1561272,148,"California",175213,4351,11.0118,443.44,81172,165416,2990286,NA,5360,3155702,148,"Nevada",12976,452,14.6746,421.2774,4603,12931,226032,"N/A",491,238963,"Hawaii",789,0,0,55.7253763052027,148,"Virgina",57443,650,7.6152,672.9878,18993,57443,473961,8487,1607,531404,148,"North Carolina",51390,1605,15.3031,489.9846,19028,51389,679952,NA,1212,731341,148,"New York",387272,716,3.6806,1990.7512,68830,387272,2940521,89995,24710,3327793
"142","X6.21.20",149,"Texas",112944,3363,11.5982,389.5174,62782,111601,1414579,NA,2182,1526180,149,"Arizona",52591,2464,33.8521,722.5312,14464,52390,367354,4255,1339,419744,149,"Florida",97291,3494,16.268,452.9853,38024,97291,1502005,13325,3254,1599296,149,"California",178546,3333,8.4354,451.8754,78710,169309,3065103,NA,5424,3234412,149,"Nevada",13240,264,8.571,429.8484,2728,13205,228486,"N/A",492,241691,"Hawaii",814,25,1.7656963341319,57.4910726393346,149,"Virgina",57994,551,6.4554,679.4432,14272,57994,487682,8509,1611,545676,149,"North Carolina",52801,1411,13.4534,503.438,14434,52801,692974,NA,1220,745775,149,"New York",387936,664,3.4133,1994.1645,67526,387936,3007383,89995,24725,3395319
"143","X6.22.20",150,"Texas",117790,4846,16.7127,406.2301,22829,114881,1434128,NA,2192,1549009,150,"Arizona",54599,2008,27.5873,750.1185,10046,54586,375204,4255,1342,429790,150,"Florida",100217,2926,13.6234,466.6087,18191,100217,1517270,13407,3266,1617487,150,"California",184765,6219,15.7394,467.6148,84844,173824,3145432,NA,5495,3319256,150,"Nevada",13528,288,9.3502,439.1985,2374,13535,230530,"N/A",492,244065,"Hawaii",816,2,0.141255706730552,57.6323283460652,150,"Virgina",58465,471,5.5181,684.9613,12447,58465,499658,8511,1620,558123,150,"North Carolina",53964,1163,11.0888,514.5268,11570,53605,703740,NA,1223,757345,150,"New York",388488,552,2.8375,1997.002,56780,388488,3063611,89995,24739,3452099
"144","X6.23.20",151,"Texas",122932,5142,17.7336,423.9637,48281,120370,1476920,NA,2220,1597290,151,"Arizona",58378,3779,51.9185,802.037,10728,58179,382339,4255,1384,440518,151,"Florida",103503,3286,15.2996,481.9083,23265,103503,1537249,13614,3333,1640752,151,"California",191477,6712,16.9871,484.6019,92430,178054,3233632,NA,5515,3411686,151,"Nevada",13997,469,15.2265,454.425,4461,13997,234529,"N/A",492,248526,"Hawaii",819,3,0.211883560095828,57.844211906161,151,"Virgina",58994,529,6.1976,691.1589,10254,58994,509383,8572,1645,568377,151,"North Carolina",54639,675,6.4359,520.9626,16483,54453,719375,NA,1251,773828,151,"New York",389085,597,3.0688,2000.0708,48709,389085,3111723,89995,24766,3500808
"145","X6.24.20",152,"Texas",128132,5200,17.9336,441.8972,32968,125921,1504337,NA,2249,1630258,152,"Arizona",60190,1812,24.8945,826.9314,8670,59974,389214,4313,1463,449188,152,"Florida",109014,5511,25.6591,507.5674,27590,109014,1559328,13865,3377,1668342,152,"California",195925,4448,11.2573,495.8592,85243,183073,3313856,NA,5580,3496929,152,"Nevada",14362,365,11.85,466.2751,3861,14362,238025,"N/A",494,252387,"Hawaii",835,16,1.13004565384442,58.9742575600054,152,"Virgina",59514,520,6.0922,697.2511,8194,59514,517057,8651,1661,576571,152,"North Carolina",56527,1888,18.0014,538.964,17457,56174,735111,NA,1266,791285,152,"New York",389666,581,2.9866,2003.0574,51144,389666,3162286,89995,24782,3551952
"146","X6.25.20",153,"Texas",134558,6426,22.1618,464.059,29082,131917,1527423,NA,2296,1659340,153,"Arizona",63281,3091,42.4663,869.3977,15008,63030,401166,4406,1490,464196,153,"Florida",114018,5004,23.2985,530.866,52302,114018,1606626,14068,3423,1720644,153,"California",201112,5187,13.1276,508.9868,95970,190222,3402677,NA,5632,3592899,153,"Nevada",14859,497,16.1355,482.4106,3163,14859,240691,"N/A",495,255550,"Hawaii",851,16,1.13004565384442,60.1043032138498,153,"Virgina",59946,432,5.0612,702.3123,16395,59946,533020,8672,1675,592966,153,"North Carolina",57472,945,9.0102,547.9743,19993,57183,754095,NA,1284,811278,153,"New York",390415,749,3.8502,2006.9076,67642,390415,3229179,89995,24800,3619594
"147","X6.26.20",154,"Texas",140173,5615,19.3648,483.4238,37994,137624,1559710,NA,2324,1697334,154,"Arizona",66659,3378,46.4093,915.807,15627,66548,413275,4514,1535,479823,154,"Florida",122960,8942,41.6338,572.4998,48241,122960,1645925,14281,3464,1768885,154,"California",206844,5732,14.5069,523.4937,101446,195571,3498774,NA,5733,3694345,154,"Nevada",15240,381,12.3695,494.7801,3112,15240,243422,"N/A",498,258662,"Hawaii",866,15,1.05941780047914,61.163721014329,154,"Virgina",60570,624,7.3106,709.6229,13497,60570,545893,8722,1700,606463,154,"North Carolina",59158,1686,16.0754,564.0496,25447,58818,777907,NA,1303,836725,154,"New York",391220,805,4.1381,2011.0457,61723,391220,3290097,89995,24814,3681317
"148","X6.3.20",131,"Texas",68877,1567,5.4042,237.5406,20544,68271,938497,NA,1734,1006768,131,"Arizona",22356,1092,15.0026,307.142,6692,22233,222292,3589,981,244525,131,"Florida",58764,1317,6.1319,273.6042,31161,58764,1022149,10796,2650,1080913,131,"California",119348,2133,5.3983,302.0534,59008,115310,1956281,NA,4286,2071591,131,"Nevada",8951,93,3.0193,290.6022,4164,8935,147320,"N/A",455,156255,"Hawaii",653,0,0,46.1199882475252,131,"Virgina",46905,666,7.8027,549.5272,13498,46905,295482,7476,1428,342387,131,"North Carolina",31276,1253,11.9469,298.2051,14342,30777,418486,NA,939,449263,131,"New York",374085,1045,5.3718,1922.9641,61642,374085,1855388,89995,24079,2229473
"149","X6.4.20",132,"Texas",70555,1678,5.787,243.3277,31787,69920,968635,NA,1767,1038555,132,"Arizona",22886,530,7.2815,314.4235,5230,22753,227002,3642,996,249755,132,"Florida",60183,1419,6.6068,280.2111,26130,60183,1046860,10923,2691,1107043,132,"California",122168,2820,7.137,309.1904,59703,117687,2013607,NA,4361,2131294,132,"Nevada",9129,178,5.7789,296.3811,5168,9090,152333,"N/A",460,161423,"Hawaii",655,2,0.141255706730552,46.2612439542557,132,"Virgina",47856,951,11.1417,560.6689,11203,47856,305734,7550,1445,353590,132,"North Carolina",32075,799,7.6182,305.8233,19039,31966,436336,NA,960,468302,132,"New York",375133,1048,5.3872,1928.3513,63559,375133,1917899,89995,24133,2293032
"150","X6.5.20",133,"Texas",72548,1993,6.8734,250.2011,23021,71613,989963,NA,1788,1061576,133,"Arizona",24439,1553,21.3362,335.7597,14110,24332,239533,3712,1012,263865,133,"Florida",61488,1305,6.0761,286.2871,27897,61488,1073452,11066,2745,1134940,133,"California",125738,3570,9.0352,318.2256,51377,119807,2062864,NA,4422,2182671,133,"Nevada",9309,180,5.8439,302.225,4684,9266,156841,"N/A",460,166107,"Hawaii",664,9,0.635650680287484,46.8968946345432,133,"Virgina",48532,676,7.9198,568.5887,10180,48532,315238,7597,1453,363770,133,"North Carolina",33295,1220,11.6322,317.4555,13845,33255,448892,NA,966,482147,133,"New York",376208,1075,5.526,1933.8773,66480,376208,1983304,89995,24175,2359512
"151","X6.6.20",134,"Texas",74470,1922,6.6285,256.8296,31701,73553,1019724,NA,1819,1093277,134,"Arizona",25451,1012,13.9035,349.6633,7781,25451,246195,3777,1042,271646,134,"Florida",62758,1270,5.9131,292.2002,39245,62758,1111427,11163,2773,1174185,134,"California",128593,2855,7.2256,325.4512,55792,122901,2115562,NA,4485,2238463,134,"Nevada",9491,182,5.9088,308.1337,5664,9460,162311,"N/A",463,171771,"Hawaii",673,9,0.635650680287484,47.5325453148307,134,"Virgina",49397,865,10.1341,578.7229,7361,49397,321734,7553,1460,371131,134,"North Carolina",34718,1423,13.5678,331.0233,15203,34625,462725,NA,992,497350,134,"New York",377316,1108,5.6956,1939.5729,77895,377316,2060091,89995,24212,2437407
"152","X6.7.20",135,"Texas",75408,938,3.2349,260.0645,7169,74978,1025468,NA,1830,1100446,135,"Arizona",26989,1538,21.1301,370.7934,9975,26889,254732,3847,1044,281621,135,"Florida",63938,1180,5.4941,297.6943,41973,63938,1152220,11215,2786,1216158,135,"California",130615,2022,5.1174,330.5686,69837,126016,2182284,NA,4559,2308300,135,"Nevada",9669,178,5.7789,313.9127,3926,9649,166048,"N/A",465,175697,"Hawaii",675,2,0.141255706730552,47.6738010215613,135,"Virgina",50681,1284,15.043,593.7659,8685,50681,329135,7724,1472,379816,135,"North Carolina",35625,907,8.6479,339.6712,13876,35546,475680,NA,996,511226,135,"New York",378097,781,4.0147,1943.5876,60435,378097,2119745,89995,24259,2497842
"153","X6.8.20",136,"Texas",76463,1055,3.6384,263.703,19870,75616,1044700,NA,1830,1120316,136,"Arizona",27678,689,9.466,380.2593,6460,27678,260403,3911,1047,288081,136,"Florida",64904,966,4.4977,302.192,18392,64904,1169646,11282,2798,1234550,136,"California",133816,3201,8.1013,338.6699,53918,128812,2233406,NA,4626,2362218,136,"Nevada",9816,147,4.7725,318.6852,4306,9786,170217,"N/A",469,180003,"Hawaii",676,1,0.070627853365276,47.7444288749265,136,"Virgina",51251,570,6.678,600.4439,3776,51251,332341,7730,1477,383592,136,"North Carolina",36517,892,8.5049,348.1761,8887,36484,483629,NA,1006,520113,136,"New York",378799,702,3.6086,1947.1962,58054,378799,2177097,89995,24299,2555896
"154","X6.9.20",137,"Texas",78208,1745,6.0181,269.7211,27039,77253,1070102,NA,1853,1147355,137,"Arizona",28296,618,8.4905,388.7498,5132,28296,264917,3959,1070,293213,137,"Florida",66000,1096,5.103,307.2949,23755,66000,1192305,11460,2851,1258305,137,"California",136641,2825,7.1497,345.8196,68972,131319,2299871,NA,4653,2431190,137,"Nevada",10045,229,7.4347,326.1198,3586,10030,173559,"N/A",472,183589,"Hawaii",682,6,0.423767120191656,48.1681959951182,137,"Virgina",51738,487,5.7056,606.1494,7264,51738,339118,7846,1496,390856,137,"North Carolina",37227,710,6.7696,354.9457,15598,37160,498551,NA,1029,535711,137,"New York",379482,683,3.5109,1950.7071,49973,379482,2226387,89995,24348,2605869
